File ID,File Name,Run Metadata ID,Protocol,Study Name,PDC Study ID,PDC Study Version,Study ID,Project Name,Data Category,File Type,Access,File Size (in bytes),Md5sum,Downloadable,File Download Link
"082cf982-8f75-44a6-b852-c2f98dd31c70","JHU_LM2_8931_11_G.raw","JHU_LM2_8931_11_G.raw","CPTAC PDAC Proteins in Serum - Glycoproteome","CPTAC PDAC Proteins in Serum - Glycoproteome","PDC000527","1","59a4929d-f5fe-48ae-bd22-7bb6824408a5","CPTAC3-Other","Raw Mass Spectra","Proprietary","Open","941860831","81892fdcae08a61345ac89552350015b","Yes","https://d3iwtkuvwz4jtf.cloudfront.net/raw-files/124/226/JHU_LM2_8931_11_G.raw?Expires=1733934217&Key-Pair-Id=APKAIXDMVIARW22I7ILQ&Signature=XGiLn6bpPlR48Yay94BDRiebriq-~kjYdpiW4POBYaycYJ3ncyPsJko5r9WKTRFCIO2AMn8MkVpkBCBLNSJEP1SIN2lfh9pGlNVAIR3oHbN2zHgcGN1K4wt3plkZd2XbhORsaA2Sk-3LJK6ZVG3hYJZgPunhJJYIq6ovCSpAifUb3Q5R90s77vsYfxXoa1cUQUEhOxCxkRrPJ4W1bewDzeZWbPtS-RW0RzvRC1hT-ZK6Cml1w299gWRb9STImTiY~lgrEa9KDwQWTfzIj0QiaUZ74Kxit-mWBiQnmvNE5ONj14iIejO6m1~slcjRtjtn3GK3Ky6VXl4bD64O7OD03Q__"
"08e29614-6dd2-4b79-b9fc-9ad2dccc0e4e","JHU_LM2_8544_52_G.raw","JHU_LM2_8544_52_G.raw","CPTAC PDAC Proteins in Serum - Glycoproteome","CPTAC PDAC Proteins in Serum - Glycoproteome","PDC000527","1","59a4929d-f5fe-48ae-bd22-7bb6824408a5","CPTAC3-Other","Raw Mass Spectra","Proprietary","Open","1062391862","ed0893d4028983899fd04f114dd1a0e7","Yes","https://d3iwtkuvwz4jtf.cloudfront.net/raw-files/124/226/JHU_LM2_8544_52_G.raw?Expires=1733934217&Key-Pair-Id=APKAIXDMVIARW22I7ILQ&Signature=O3sp~KjCKurTltccTh9lOuabW2P9FCGitnsQ5MwFCe8R1xZkgB6BucqVAxMsJmCK6-yoNH0CiJpAKL~MsAg7JiA95vp-3OydydW8UHZK5PuFs8CgPAdCfTb5HNVPeH8oJkoRUVODXukEMfl38tL0JERGGHEz6AJ9DbLWy6Ep01MnBrr6XKGN7p4DDo945KQiBcKSV7mCFtk6g8Py8WOMBOksvTGQizlSn2FCbSaH4D9C8mWjLCg51D6iXPOduXnym36CfokEIlnlE1QyHJZmympOwKLIJs0OdoO0fvAgkdC37jQE10r9wBngYC43IgI84bnMe7exx03qAg5R26L5Zg__"
"0bdbdd0c-d93c-4613-96bc-518e35acdac0","JHU_LM2_8528_54_G.raw","JHU_LM2_8528_54_G.raw","CPTAC PDAC Proteins in Serum - Glycoproteome","CPTAC PDAC Proteins in Serum - Glycoproteome","PDC000527","1","59a4929d-f5fe-48ae-bd22-7bb6824408a5","CPTAC3-Other","Raw Mass Spectra","Proprietary","Open","1083231726","f8b8df3342ea6b4b74ad67c9885f664b","Yes","https://d3iwtkuvwz4jtf.cloudfront.net/raw-files/124/226/JHU_LM2_8528_54_G.raw?Expires=1733934217&Key-Pair-Id=APKAIXDMVIARW22I7ILQ&Signature=G-kpAb65k8p7nuTifZBP2pYvD22eHXnhpYdavbmw1YhOnSF8aHVkMPnTuE2004Z14AimoqzekjvR1fG-JqBrj0SsEqg8CDECUNzrbFYA3YHfb0ib6B5~~6iduDfAEeJp9A88uQUwTuftceNxdWmtHH~SlyDBn-28MXG0PZtiK7nE6oKNpf1J~XN7kBzusY1qE22ZQXCgyBsKzNk6l2CmXLS7k4co448e1UquTfKZDRNnqBFIgsifi55rZOSxwxK2ChNSE0JrqRLVwXKpv1VPSIz6aXgFKlSja4BvZWjrWvHgORzmuQ8KHTsh4Ajl~9JhlQVmxloByqCTnxv2ELhB-Q__"
"0cadc926-d4a1-4cde-b85e-d8e633fe224f","JHU_LM2_8674_40_G.raw","JHU_LM2_8674_40_G.raw","CPTAC PDAC Proteins in Serum - Glycoproteome","CPTAC PDAC Proteins in Serum - Glycoproteome","PDC000527","1","59a4929d-f5fe-48ae-bd22-7bb6824408a5","CPTAC3-Other","Raw Mass Spectra","Proprietary","Open","1006935985","28f86223a19c78adf1b58d135d363ca1","Yes","https://d3iwtkuvwz4jtf.cloudfront.net/raw-files/124/226/JHU_LM2_8674_40_G.raw?Expires=1733934217&Key-Pair-Id=APKAIXDMVIARW22I7ILQ&Signature=RGPtkzl9yV3~8Uhce0vzzu9yjXyYadYbVJPsVQzjM9oKzW-hmSNYeCfuxw6ZWBtUCC8zba0HhIDa0enelnFSjt2RYrcyz1W3Z~Nj-WsVPbf2OscNQlF3iHIWmAZtY1hZawhmYjgSSIidhIOX7jXnuelfxIFtJM~49cPQkeRId35KalcWqYhU50cjy8VIKuwjnASdF4qGufQ~AjCjMetIZm4-Pi9ly3XD4cGRZdGXJpiYzmShekT6h0bjksfNvXDldlQwMguA1A0wn4jRNkF7L1HUcsqp44DvmJOJDbmaG1KYjj63qmamz4b33kCPaa2~-~eEic8rypvgp7F3zjlGig__"
"0f033703-2835-45f5-b1c0-3a80cdc014d4","JHU_LM2_8779_101_G.raw","JHU_LM2_8779_101_G.raw","CPTAC PDAC Proteins in Serum - Glycoproteome","CPTAC PDAC Proteins in Serum - Glycoproteome","PDC000527","1","59a4929d-f5fe-48ae-bd22-7bb6824408a5","CPTAC3-Other","Raw Mass Spectra","Proprietary","Open","959613484","7799805e985d7997ed87a433188c8710","Yes","https://d3iwtkuvwz4jtf.cloudfront.net/raw-files/124/226/JHU_LM2_8779_101_G.raw?Expires=1733934217&Key-Pair-Id=APKAIXDMVIARW22I7ILQ&Signature=IR38EKwW4gcZe~9SPcYyIpqhzrCiFb-U~ad1MfHceXEw73BBOOGoc4e1raOZc3rdMbd9lLTeHy6HV11yy7rRO6agMpxXGV~eZP586nLhi8AxyRKTsIjgIgFC7oOgCdWZrY14YASijnNuTldZsBfR-Oe4xgWBkOcVt33bB8bHN2GpS64sAg43OGA-XFnPJdtjYjgnTQtnNUTNWEcYJPhraiPYO8pQHXpUR6pxkCTDevalAxc~ReX2tMIHsLqqioSKaDyCQc6usdAtBeSM97SVO~wJqn-ugtVywSIbzGlanAU3nOVItW6BXRPoFkUirKy1~wdZisdmU-ZcALx42~~BaQ__"
"134f017f-d7b4-4f0a-a7b3-bb409344999d","JHU_LM2_8844_22_G.raw","JHU_LM2_8844_22_G.raw","CPTAC PDAC Proteins in Serum - Glycoproteome","CPTAC PDAC Proteins in Serum - Glycoproteome","PDC000527","1","59a4929d-f5fe-48ae-bd22-7bb6824408a5","CPTAC3-Other","Raw Mass Spectra","Proprietary","Open","964378905","3332f4b316bde3704040225fcd059e65","Yes","https://d3iwtkuvwz4jtf.cloudfront.net/raw-files/124/226/JHU_LM2_8844_22_G.raw?Expires=1733934217&Key-Pair-Id=APKAIXDMVIARW22I7ILQ&Signature=Beou~egS5PSzSslNLK7t2l~gwrGFKRbeVOWpX-XftQBwpvebqpauPeLlgfr4cetBL1rx6NECAT2Uv8olu1nNbNk8cc~L12PaCPQp9PrZd8m62kDvR4ajmPmtlcy1e3YWr6RvraWUBY5Fn8Cs55-Wz-gFcqq3i7HDYXpjUlzA3Vp-7Qz9hx-AGo-Z-yxwkKeityuOsPuo698OhSldkLWACKiFdaRHQH8NpK2xgrKSevMttzDlvbdzpC1jJ40ZJoCkwRcvfuAdofUA-vy2JdO~X8J1nhCCCyYa03fZ83C58TG2H4dXHKvfGOBl3CU4QuskwGrZKJik7ZwFT0UXOX4EIA__"
"15503964-7262-412f-b90b-71c9af5c924a","JHU_LM2_Se7055_Glyco_8.raw","JHU_LM2_Se7055_Glyco_8.raw","CPTAC PDAC Proteins in Serum - Glycoproteome","CPTAC PDAC Proteins in Serum - Glycoproteome","PDC000527","1","59a4929d-f5fe-48ae-bd22-7bb6824408a5","CPTAC3-Other","Raw Mass Spectra","Proprietary","Open","1052680510","8091dc06d3aa8cc8e7c0d89362ffca6d","Yes","https://d3iwtkuvwz4jtf.cloudfront.net/raw-files/124/226/JHU_LM2_Se7055_Glyco_8.raw?Expires=1733934217&Key-Pair-Id=APKAIXDMVIARW22I7ILQ&Signature=IBt2zxTFt5GkyWY~cz0NakC12gdUutpIflS83Iv1Fs9wNDkdws76nB2rOQ5DR84NEwX-9lxHJx-ACEqL23cb77pu~GareXP~xDc7e97qzN16ytFtmZxQAKeAO5A8hKkobjE0v2P8oLmD-iMq7FGDhBvtocFpSHCWW39eRQzjE6AkFcPqKAMZfap7eKmCdE1ZHKbbCXcRjkUfFxbui0gg-ee2TjIfu14cRIC84OJCwpIFt~MIHfzEbj0Us92ZVnN-8uO5dIevIe6ZZjaGmWLBSdToilCCCDlcdqDcfgguKoqLieVS3EUJ~BahgwxVmSyI9NJL4AtSeQZ-VBGHGlOQHg__"
"1643391a-78a5-4285-8203-3d17a51afd77","JHU_LM2_31033_107_G.raw","JHU_LM2_31033_107_G.raw","CPTAC PDAC Proteins in Serum - Glycoproteome","CPTAC PDAC Proteins in Serum - Glycoproteome","PDC000527","1","59a4929d-f5fe-48ae-bd22-7bb6824408a5","CPTAC3-Other","Raw Mass Spectra","Proprietary","Open","1005060215","9451b174da11d4b9f33d1750a7d4cdc4","Yes","https://d3iwtkuvwz4jtf.cloudfront.net/raw-files/124/226/JHU_LM2_31033_107_G.raw?Expires=1733934217&Key-Pair-Id=APKAIXDMVIARW22I7ILQ&Signature=A7ToUhQFDKY9N1JUz-32XxClKHTNwYFZ53EoNNGI6qiKMZttx8-uzwbLvPCJjwVlXRRcyRglNRWL9iD~zQNsVtD3c1~gVGAe6NPQK27SRlApnFkE11RbBROyuwpY1RjnaDTm4e0Pf5g5McD2VWhWhTeonX-kDyynga7nq-U9Dse7wQ1StzqcEJkO372gNQN2WblVPMdiFPGCZ42X8zRaQZ7KWYlT7hGdVWztY01j79yzvgE9Wp6GxvbqrLSySc45YoJ2YFWsTghuzml6dyHnyHkNHx5aWON3-IoYxetLtzE~pAcc4-o3-RpXRHB3dVcd6DOFrouUBb5pTjOVauCyjw__"
"16942e00-56a4-4623-8615-a86e71388dc7","JHU_LM2_8947_9_G.raw","JHU_LM2_8947_9_G.raw","CPTAC PDAC Proteins in Serum - Glycoproteome","CPTAC PDAC Proteins in Serum - Glycoproteome","PDC000527","1","59a4929d-f5fe-48ae-bd22-7bb6824408a5","CPTAC3-Other","Raw Mass Spectra","Proprietary","Open","995724926","637bea1fb08e574cb89d8a2166a5eb09","Yes","https://d3iwtkuvwz4jtf.cloudfront.net/raw-files/124/226/JHU_LM2_8947_9_G.raw?Expires=1733934217&Key-Pair-Id=APKAIXDMVIARW22I7ILQ&Signature=bNkAbtdJ5BfZLbkm2~2yfHj7kqE~JnbjGxLq7HoaAPu7HnBrJv-dd9~F2tT4sXWtv0FTZfvq6amBMAi14oQvQ6v9NY196ABuIOe6DwpntOFx2YdhIk6AZxrH7PDcJ2kp5m-ZLgkrkD9NmmvmnQ43KnAv0FTyRTT1-f-NDDRyjgSdZCABhZktX6Jo94~AgHM1BTXNY-Jl6N~6PxEu3cX36hKUbT-QaVOcqaGDsouZ0d6jZgQVu~AiCt~WE56ui4NQjY5aQYPnREaeoj01IVuHVjPi-ZLdNsOFRWqIZTxH~79OJVAlW5mfR7VaVMQrQZIsxz8XIG7vDDT-7~cOxsjRCg__"
"17d0045e-3fa7-4ec4-97ce-281129a778fe","JHU_LM2_8646_41_G.raw","JHU_LM2_8646_41_G.raw","CPTAC PDAC Proteins in Serum - Glycoproteome","CPTAC PDAC Proteins in Serum - Glycoproteome","PDC000527","1","59a4929d-f5fe-48ae-bd22-7bb6824408a5","CPTAC3-Other","Raw Mass Spectra","Proprietary","Open","1184054420","77f52ef6334b7b898a500b72d3e7661b","Yes","https://d3iwtkuvwz4jtf.cloudfront.net/raw-files/124/226/JHU_LM2_8646_41_G.raw?Expires=1733934217&Key-Pair-Id=APKAIXDMVIARW22I7ILQ&Signature=dMX677P7Ni10d08Yef2oUrU78FvsycyAGKBPbc6cfJZwiip9CTkUOiWGiXBgUDupVeZsooznINxrP5-TBNrOuD~z8XM1I~IKY8gJA-fbOWErxEiIyRHNy2L8HelonoOkdZPH9WVUyOWwjRJ-NQabpMtI2LxSHLnNFY8UFJ4dwXC3~RR-X-ecTVXhhivPhyeLw2inpWPOggnLwLq3s42qz5D1~XnGwJDrSvy6Nf2NdABvBrUK1NWoxhEqlh~~l0jXikiJ6GbPyUw8yhwXEWU1chosuIguQoEFvw8iReLrdqOzKr3qMVUDfoeqIE0T8wpOxQqe0-nvbB3ZdOjDdj20Jg__"
"1dc91632-9120-41df-86d3-8d07578b4b2f","JHU_LM2_8950_2_G.raw","JHU_LM2_8950_2_G.raw","CPTAC PDAC Proteins in Serum - Glycoproteome","CPTAC PDAC Proteins in Serum - Glycoproteome","PDC000527","1","59a4929d-f5fe-48ae-bd22-7bb6824408a5","CPTAC3-Other","Raw Mass Spectra","Proprietary","Open","927890070","cc7aba3977594afcc466f4721d26f9dc","Yes","https://d3iwtkuvwz4jtf.cloudfront.net/raw-files/124/226/JHU_LM2_8950_2_G.raw?Expires=1733934217&Key-Pair-Id=APKAIXDMVIARW22I7ILQ&Signature=FEKtCVQDGd0CY5xSQDm7057KcxWCWsevNu1vdcQ9XijtXFGwi9wTMXywIeJxhEhcaLhPLcGD-xOibmCXBOhoHSqSrxmOYcy9rSZMtBZTfeQXDnTHLC9eKc9T4mpLg2FQiBKNy00PBdJyckczt0FClJelPSli4Z~64jTgM~c6YgukGWvlrqh5wqC~lLMO3lcyjXzZCPVYHRVx8vor4S8SLxaYuNFUGdK2ZdeGm6oeKuv6Z7xpIMv64TWZVbES~4QstSe0RLtOeWrL6EfHV3VUesYxquCCTRA9GyGujwXdzkPCzfTtTLXjO-EGv~yiblGyUNEB-dRtXdzAWauDvqm3AA__"
"1f18bf8c-ccf7-48bd-9ba5-15a49a843296","JHU_LM2_8753_34_G.raw","JHU_LM2_8753_34_G.raw","CPTAC PDAC Proteins in Serum - Glycoproteome","CPTAC PDAC Proteins in Serum - Glycoproteome","PDC000527","1","59a4929d-f5fe-48ae-bd22-7bb6824408a5","CPTAC3-Other","Raw Mass Spectra","Proprietary","Open","964425235","ec0eaa35b45c04275b65a24de066f3b3","Yes","https://d3iwtkuvwz4jtf.cloudfront.net/raw-files/124/226/JHU_LM2_8753_34_G.raw?Expires=1733934217&Key-Pair-Id=APKAIXDMVIARW22I7ILQ&Signature=P-PshU1d-6klwCc3OpShsKeTyXHCPxC9S1pVaBX-oerj6u-IqfIiAZ-BYQjNQQwXnl~LFVF~7Uqx-d4UJsyBgMoi6YqwYn2zYFDWao5i2U0Ht2ZJQnphVl2sbaJbRSi3J2sb6ibWPyHunL3tXOL0OtQ1gOjbzNjYEdkqCvC4eT0j0CtdNUJwHF1hdRj-~CAdAwG8ebW8BbHQtLjffXUZxsU3NljF8FECpFSYA5RUxdJjAAvJ2z7VNsJn0vzF4kIBvlpQW1FvytAjUC7TRe5FxkszQTguczK9~JXaiGOv-pD1qPWEUXiEWJOkFg6nMuiYgf~j6ESGOukt7JwHsl1TFg__"
"1f4ae4cb-0b3a-4f38-a33c-a822f89bd429","JHU_LM2_4648_62_G.raw","JHU_LM2_4648_62_G.raw","CPTAC PDAC Proteins in Serum - Glycoproteome","CPTAC PDAC Proteins in Serum - Glycoproteome","PDC000527","1","59a4929d-f5fe-48ae-bd22-7bb6824408a5","CPTAC3-Other","Raw Mass Spectra","Proprietary","Open","1045870051","cb7806aba78c206c9e448e932152d21a","Yes","https://d3iwtkuvwz4jtf.cloudfront.net/raw-files/124/226/JHU_LM2_4648_62_G.raw?Expires=1733934217&Key-Pair-Id=APKAIXDMVIARW22I7ILQ&Signature=QmIyLO~TA65p2W8rfdreomepEnXeXCSLuVGghRaB79J3tAvcWuUDOaPv3ZNffp8TQRWeCEJaJrEMVASYGBJxrR7zdo38Jd0-rsps7VMU5oid9BLjc5SHuSJFpUOD9bwViL-0FMniSi0AHhKInY-5-yj1W85BrkKqdaso10rwZ3uIhk13qS-JsP8m0xy6ynvpPON0~qy~ysULe-KipypSEOn~F1hXe2TuUE8zliBOGsGZVfcgNSSR8YU4kEmEiMWhdniNUN84wFtUrjF6EuDoiPsb99rDa3kW0v2MWX70fh9ucnHOV21CLboERbPL18S8kNzw22WIGVH91JwiEnkIsw__"
"27124bd4-4174-4bc8-b23b-a1ed169efe7f","JHU_LM2_8570_59_G.raw","JHU_LM2_8570_59_G.raw","CPTAC PDAC Proteins in Serum - Glycoproteome","CPTAC PDAC Proteins in Serum - Glycoproteome","PDC000527","1","59a4929d-f5fe-48ae-bd22-7bb6824408a5","CPTAC3-Other","Raw Mass Spectra","Proprietary","Open","1047057940","620816eb118e2d6b86df7c6c4bfee608","Yes","https://d3iwtkuvwz4jtf.cloudfront.net/raw-files/124/226/JHU_LM2_8570_59_G.raw?Expires=1733934217&Key-Pair-Id=APKAIXDMVIARW22I7ILQ&Signature=FgWKG2LyZOQ2xXznAsKuRxIGvHc8PcXie5Z-5Co7nHcUY9jPWbhPm~08UUn91eoJZuMq~NwdxwjOF~qtcoJKvSbGYxl3zp9xsYXbIj8Tk~2~FP3nQ~LtHBEhQCAUbb8sKkiB-YVf2A4WW0y8QcpRI-mL0~CmB-VO67hiIe673oekv2WqaZAgeOHFkwY6a7CcyYUZCs~5w2QQIHacPYlPPXHPoMW28o8awMmed1DsB12G~VW4EAQGBPYLoHJOYRSVvhXkt3IjQA7i-~hTQ7JJKNjdXbOpokf5wFJ7Q2uGYVNquR4sSdWQQwEad2uGRGJokSrVn1Jirwnv~-ti8YlN3g__"
"28e1ef56-f37c-4bef-8aa9-74cd5494bad4","JHU_LM2_8158_86_G.raw","JHU_LM2_8158_86_G.raw","CPTAC PDAC Proteins in Serum - Glycoproteome","CPTAC PDAC Proteins in Serum - Glycoproteome","PDC000527","1","59a4929d-f5fe-48ae-bd22-7bb6824408a5","CPTAC3-Other","Raw Mass Spectra","Proprietary","Open","934148887","d433f482d7da248be5df1a6e73e6ca1d","Yes","https://d3iwtkuvwz4jtf.cloudfront.net/raw-files/124/226/JHU_LM2_8158_86_G.raw?Expires=1733934217&Key-Pair-Id=APKAIXDMVIARW22I7ILQ&Signature=aaF4cEQivEM92EbrRLF6YnvCUlZZDtgRBQy2KytCq5EALCEkOxsmc8Ol2i9zRpIx8dpwc~XdgOn8w2elLTgYe~N6MHNy9kC0Bz~ZAX-2cRykdveXjz8Vx0tnNmuBs7Oxez3zQizBv7I1a8~Im~DTj3Sb0gVgiuziqxhwSJOT075gzYSIq1IEc4vUSgL-g7YDa7skpZJkrx6bBYfN7BZQc1bE7stnb5guq0vbpEZA27E8a8iHvZ3T222A5aMxj2WjTx7yApM1pZt5TFNxNGjN9Ym~MapO2v~6AobSPiJOAtFvkX8K375kr2VkQJy-r-NRSqmRekmdMYbf1QAk5a4Qyw__"
"291e44c6-8a97-474a-8dff-bb0df12b6e65","JHU_LM2_22648_60_G.raw","JHU_LM2_22648_60_G.raw","CPTAC PDAC Proteins in Serum - Glycoproteome","CPTAC PDAC Proteins in Serum - Glycoproteome","PDC000527","1","59a4929d-f5fe-48ae-bd22-7bb6824408a5","CPTAC3-Other","Raw Mass Spectra","Proprietary","Open","1094665923","4b8317b6e71467280410cffe76316f18","Yes","https://d3iwtkuvwz4jtf.cloudfront.net/raw-files/124/226/JHU_LM2_22648_60_G.raw?Expires=1733934217&Key-Pair-Id=APKAIXDMVIARW22I7ILQ&Signature=KF9xDkYM4Z0V8LM9fuawP0pKd8mfpWKrSJkn6AbJ04YKR18dxM57BFM4d4xOIK11y3kLMnOGadsSlypvWryqMMTyuh~lcM9D2NUjRYbmOfHWjqtSt1Vw6fuV3mQd4N2KSn~lxraKspv7FDX3GRCC5E-OUcOF17i0VohkD3veXFuyZWVfdRHTRHV6wS-wny3NOnJHY4yY2mpqTBJi4wRN5SzOIZGFq4CvTpVzLKWGyAARaNEZ4mGR2hLWEEcOlUWhy4o-ztc5nUkLVUv~4B7c-2dKDifsxy2Je6yHA4J4od~hP0en1N4GaxkigNRMvMW9586~0uMObTOKktrubQSHow__"
"2bd3bbe7-07cc-4d9b-9fd1-c248122f3260","JHU_LM2_31495_64_G.raw","JHU_LM2_31495_64_G.raw","CPTAC PDAC Proteins in Serum - Glycoproteome","CPTAC PDAC Proteins in Serum - Glycoproteome","PDC000527","1","59a4929d-f5fe-48ae-bd22-7bb6824408a5","CPTAC3-Other","Raw Mass Spectra","Proprietary","Open","1030711400","1ec4c028d80abd299208ce6d622fdd7e","Yes","https://d3iwtkuvwz4jtf.cloudfront.net/raw-files/124/226/JHU_LM2_31495_64_G.raw?Expires=1733934217&Key-Pair-Id=APKAIXDMVIARW22I7ILQ&Signature=UvAweR7JHrJzKGUtweERCTBvvK5wBo-YoTKTHfvO4QbPAgWARRo~4iKFLyfh6CkBxuW4Jwjm9Nw~DdI2tlcBm6~cFdZcqI92JQPTlQhICv7~4EMMc6lHaR4i~9EX50IGxnnJtaUUYysXxOXbEz3HgOfiowDdHowpg~R52HdVu9GpjVhd0Z1C~DMdnbyo5qqBnk3bIe4SSp3THZ-cdoBvV0bm~R72aBU-S2gLD4rudi-9l7DFZFOZs-FFKIVUaLR6eLH-52IOpnBO14ztmzmmTTUX1IFAwuHQ0KRq0mcw2EJY5X0tKKOMwFRkgjogtxLBv5kpsNxPSi0tjgHHXaNQIA__"
"2c8d4206-c2f5-4a71-abe0-2c758b6a10c9","JHU_LM2_5051_90_G.raw","JHU_LM2_5051_90_G.raw","CPTAC PDAC Proteins in Serum - Glycoproteome","CPTAC PDAC Proteins in Serum - Glycoproteome","PDC000527","1","59a4929d-f5fe-48ae-bd22-7bb6824408a5","CPTAC3-Other","Raw Mass Spectra","Proprietary","Open","901880966","5d36f8d8e8e8b61c63783acd530e8af1","Yes","https://d3iwtkuvwz4jtf.cloudfront.net/raw-files/124/226/JHU_LM2_5051_90_G.raw?Expires=1733934217&Key-Pair-Id=APKAIXDMVIARW22I7ILQ&Signature=Lz9y5pgszFmf-nrYgxEGkwqgiCfRUELxU771VtZBKPwFj36A0JhJVJcNHYUdWuUqNjKIDWKIRxNFWPuIqIu6G9tlgNrszkIcK5Ivo7CmfUxYABKv682KE9TBwG2IwHA3unEXoPrzbMNvkY4qmJv1HmprtoByyxsaY71USFkTxmD6nyx12R-WZbWdyDF5rvVMXbXIaBUcf7Bh1oflIPx2nBrP3edMY3xwWOyw6IaJFh51qN90Eonobpw1tK6bWBaEapuqmiTMNtfLPEfeCNUUwRvTg5JwbkPM-EfiD9CFSmYFME-hcYJoNp9oQCiMsfAp3414lKLlYhlKexaCND5B-g__"
"2d9f2dc6-55a9-4ca2-80ee-5e67916b53e0","JHU_LM2_28130_67_G_20220314193054.raw","JHU_LM2_28130_67_G_20220314193054.raw","CPTAC PDAC Proteins in Serum - Glycoproteome","CPTAC PDAC Proteins in Serum - Glycoproteome","PDC000527","1","59a4929d-f5fe-48ae-bd22-7bb6824408a5","CPTAC3-Other","Raw Mass Spectra","Proprietary","Open","1007937423","d838f4501295ba9da96485c22a2ff60e","Yes","https://d3iwtkuvwz4jtf.cloudfront.net/raw-files/124/226/JHU_LM2_28130_67_G_20220314193054.raw?Expires=1733934217&Key-Pair-Id=APKAIXDMVIARW22I7ILQ&Signature=WiCFytz6VxoQdzbn~Mf4Pi5PFA9pC3f1kZ6bn2RcJBHyxLAtUvWLCsCggWqy8sNrMVxDzaRsiLw-LHxgQJmIH9AXtz5o1~cpRpjtnYXPspnPTo5H-DqUKi6Zrrx24XpjjpReYEG8pOf6UYgXWk8KXDnEzxxXjdh0wIS8AW901H8-mS0eSedbB6fS40aB8dAEiYWDit4jghOTu8H287LhEsIIo4rfQSWCIEKu548SQLbL30WRyTvzoRXa7JXnNM~tUflHHkwOI-5Y5LCUyPjC0NVpvZmjUFxG8TJLOXKMrquKaO7IsovgZEhE-3SzKsvUkvYbxPe4L1AwgSf-~qdpcg__"
"312ccf43-797f-40fb-b162-550342293961","JHU_LM2_29809_94_G.raw","JHU_LM2_29809_94_G.raw","CPTAC PDAC Proteins in Serum - Glycoproteome","CPTAC PDAC Proteins in Serum - Glycoproteome","PDC000527","1","59a4929d-f5fe-48ae-bd22-7bb6824408a5","CPTAC3-Other","Raw Mass Spectra","Proprietary","Open","874512804","d4658ea019e3b9ecd9e251cce519a500","Yes","https://d3iwtkuvwz4jtf.cloudfront.net/raw-files/124/226/JHU_LM2_29809_94_G.raw?Expires=1733934217&Key-Pair-Id=APKAIXDMVIARW22I7ILQ&Signature=PNL4vU6OL1Q~wK9R6ZIzz3EGMKyQpdgN2c4IJW7gV3CdzBxVTOod6lYQYkVGaxpyhbkrhmZ8q1YG7nS4HPRwY9gby~-qxVq8kfvpIQwkTqFVxGiVxMvxaQXNqx5WtXfNURsmRiZSbJ3n~HouXUZEFvz-1OgHR8Bd1aCT1innfjVZGq7c-bdqXiz0pbqBdoubAvwWeX2K56dnHLR3VxAMrevEZX~ufT9a~pbzE4LtVQnPu5hUZRWspQrhNIpw18vpm8y-lWGTIVEOIh6tPQhUvXveBHk53lnoLoiDiYjHoBvW6aq4liJRAk4xtrttNmoQmnvhkdltbh-f8He1AO18TQ__"
"32e646ba-4e1c-4d86-a3dd-eeccb7a9529e","JHU_LM2_6726_96_G.raw","JHU_LM2_6726_96_G.raw","CPTAC PDAC Proteins in Serum - Glycoproteome","CPTAC PDAC Proteins in Serum - Glycoproteome","PDC000527","1","59a4929d-f5fe-48ae-bd22-7bb6824408a5","CPTAC3-Other","Raw Mass Spectra","Proprietary","Open","888518977","5cb0c0c32055e595397506e718aacb39","Yes","https://d3iwtkuvwz4jtf.cloudfront.net/raw-files/124/226/JHU_LM2_6726_96_G.raw?Expires=1733934217&Key-Pair-Id=APKAIXDMVIARW22I7ILQ&Signature=Ihsn~n4zOfwhbcXiuUTGW7v~3qmYs2nBTxgLXwPrTpmliDxzLXvXU6jVXHG1YvLZp8ebc7LPB4jsi1VbzDQ0Lnob~LvlMsGnTuMVgSoAmegLVVUMqcZBrgdlU8~2rce8pGBpdalFWZdhJCHEbK5bmF6PULdQ-teAUpZTE3GOenqHZN8IKngAc-qxomsBLnjSbtSdwGri8pOK0K4eFB0y2DeqPqVyk0t-35bWa6xpw~sT6IQvHKS8wuTF0x8A5XNX62-FNPI9-k2Q9bHR95x3NVfUzrubosA1I7K7SPWKPjDiBGPNomcUonrG-MaaT1kiAmt4fgpjQL0R2Da5yUDkLw__"
"336d54d7-7577-4538-a680-34e24028603b","JHU_LM2_8628_45_G_20220309213836.raw","JHU_LM2_8628_45_G_20220309213836.raw","CPTAC PDAC Proteins in Serum - Glycoproteome","CPTAC PDAC Proteins in Serum - Glycoproteome","PDC000527","1","59a4929d-f5fe-48ae-bd22-7bb6824408a5","CPTAC3-Other","Raw Mass Spectra","Proprietary","Open","1030170342","7f24b8bc25c75109b39f7247ca5cb5a3","Yes","https://d3iwtkuvwz4jtf.cloudfront.net/raw-files/124/226/JHU_LM2_8628_45_G_20220309213836.raw?Expires=1733934217&Key-Pair-Id=APKAIXDMVIARW22I7ILQ&Signature=JHimATh1uT0e0oGvMki-Om08mhjjkq4b6Fku28DbrRnidRjFMKpk1zg2G0YSviqh~GXLKr9UaoXNAm5ynTgh3AUERPUn27iHHP1nYWsEKmhu8IVV7N1mrNV~nPtqPFG7DTqe11PMKb4MaTj~GsYmh7NGr6DdYj5yo2X9KhL~K~ZAAGb~epN3DEKjMhuaZy8hMWB3VjFBxqNHH4QtzZ35YLDwSzaILmGwcP-XNNarF-oDSMs-~ZAtn2UQ2iZvTPNjVoDhokHcf-GoJUl5HaPEbkxwMEoG3r352Xzqn964mAITWvW2EgXTnclKxcy0GdbD6EwGwDwUlU9tf0nOiItQCA__"
"33ebab8b-7f9a-43bc-af23-234363868abb","JHU_LM2_8897_18_G.raw","JHU_LM2_8897_18_G.raw","CPTAC PDAC Proteins in Serum - Glycoproteome","CPTAC PDAC Proteins in Serum - Glycoproteome","PDC000527","1","59a4929d-f5fe-48ae-bd22-7bb6824408a5","CPTAC3-Other","Raw Mass Spectra","Proprietary","Open","970859591","1e81456b9faab0b8872bec81de964ffd","Yes","https://d3iwtkuvwz4jtf.cloudfront.net/raw-files/124/226/JHU_LM2_8897_18_G.raw?Expires=1733934217&Key-Pair-Id=APKAIXDMVIARW22I7ILQ&Signature=ZKMQEJkVCiB69yBBK-j2IY-t8Ig3OH3-tMFfn2WHz~-p0HEMlxBqyly25JnY4Y0GJkyAzVbl-ftfcFRAzosmTMJTbMWBgvp0EnMYTxykMpex~jDzH0jtiZZH23LcTBwljGSf0s9RLGgiroonL0jGBiu6x6Q91O2-vBiVFaRGJj53ipEH9wEVuCic37vYOwreUZ-Z7hVWqpnsVpDON7rERC8YPCaPUnUonnI2bJkB9RC60CyiINZ82KDxyYMpXvaH6LZmUAl4D~zZMMCGYxE4ycw3RirUQhEUEJ8GrtYhvfxF6o7CUXPw5XiDnhqV4tiAv10z-G2y5QG6YuSBw9ZDig__"
"3b3d218f-c15b-4189-b8a7-3e845f942040","JHU_LM2_6594_68_G.raw","JHU_LM2_6594_68_G.raw","CPTAC PDAC Proteins in Serum - Glycoproteome","CPTAC PDAC Proteins in Serum - Glycoproteome","PDC000527","1","59a4929d-f5fe-48ae-bd22-7bb6824408a5","CPTAC3-Other","Raw Mass Spectra","Proprietary","Open","1010873577","2fa746bc6865ac4ba8f6a0e51b0e0840","Yes","https://d3iwtkuvwz4jtf.cloudfront.net/raw-files/124/226/JHU_LM2_6594_68_G.raw?Expires=1733934217&Key-Pair-Id=APKAIXDMVIARW22I7ILQ&Signature=C5cfZmd8nzie9-hiIEm9tzFWxVVheqe7RHBDFS3zeScYzpMCt4NZwAGYPiyaOZFg8MTAyiiQ64creXehrfnYu65L67ScHitgiVVVnvU~yln69FoYcCS3cgjfTatxqore2Gwrm3NCONj1AYSuOtWJR-aoonwkrRXuy8K9DphDnQSqQs~8FKnJ~Vhb8wmCpJM2YMJsBUpkzWm~EO2oegJBd0fpsJNYhJt7HvuVaZFJZYw7MvB7~oAerUHXl0gLD94XafiEHawxJooc~8MlD7akQ3onWtuhvslaasdvfR49AQep44xwakcME-EACuCJc9vdg1mrSq31bJevyw9SXrHOHA__"
"3d6b1d73-ad9c-4526-b2fd-8273156799e6","JHU_LM2_8899_19_G.raw","JHU_LM2_8899_19_G.raw","CPTAC PDAC Proteins in Serum - Glycoproteome","CPTAC PDAC Proteins in Serum - Glycoproteome","PDC000527","1","59a4929d-f5fe-48ae-bd22-7bb6824408a5","CPTAC3-Other","Raw Mass Spectra","Proprietary","Open","964633698","b8bdeafa62d8bf5c03ebf3c2c9365f34","Yes","https://d3iwtkuvwz4jtf.cloudfront.net/raw-files/124/226/JHU_LM2_8899_19_G.raw?Expires=1733934217&Key-Pair-Id=APKAIXDMVIARW22I7ILQ&Signature=UESXo7oMLp17~rM3iuhgVP4qSQDCwtSGPPM5Dl5epkJ6eJSEeFzDdZuyX70KxCKK2apTr0DkLobEX0oO9YF5MhdGvUAjVqAmRTvXy0OZGVV6QuyW2BgDogcAxw~Y3Mute5oe5TDDlfwkJqsEYBrrfFKGFg1PcmYYYzPDO4ZRolTkovPNf9O4A91UOwDmO-qOBLi9GVKByzuMNx5f3rvCs8JekPahp~8pCB1hfVTJA2MQqdsMiTBfFqkvIYpwUG7ZJSVeeRdDBLfiaRedbtDMkQ2Gqy6QCwOJLajRXd03xTdTd58KspzISENykIvt7k~YX8-MKwkzF~RyDfxV6ArrGA__"
"3e1e2a11-e6dc-4e63-af92-4f6ad4cd2b0a","JHU_LM2_8901_20_G.raw","JHU_LM2_8901_20_G.raw","CPTAC PDAC Proteins in Serum - Glycoproteome","CPTAC PDAC Proteins in Serum - Glycoproteome","PDC000527","1","59a4929d-f5fe-48ae-bd22-7bb6824408a5","CPTAC3-Other","Raw Mass Spectra","Proprietary","Open","1004169320","1b59bb454c40417a0ceed0dee51e7c52","Yes","https://d3iwtkuvwz4jtf.cloudfront.net/raw-files/124/226/JHU_LM2_8901_20_G.raw?Expires=1733934217&Key-Pair-Id=APKAIXDMVIARW22I7ILQ&Signature=SkqFWJzjwu4yOXdcsVyJjP7r15-ZMxPMnKIN75zRoQ4JMg2Obyo2QqyraQ5Ex6EYYCT6X2IqmDTqVwNRlgGWWrnfnfxC0FvfZrJNzxji4SDUBeaMIMfySohEOPxqhJiSssuIUBP9m6YF45n0ebaZ66rcCWgj9VH82TyCjmSyJ8AznATMrHMOroF5IleHCe3HRz76dBxbtYZDPOVG-Xpcxmov-abAMPyUvgMkfTRXdjnnZe0deMRBLPe3rWZ4ZXMWqdg2akbjeB28l9H~p90-uYC1dD4q2UutNYmwCbT98Cpwx-Zq~rO9PpHFmKJ76WXFvrMJmsHZ7m0eTz5QnqlZYw__"
"3ffdb077-465f-4e58-a66e-64a71050ce36","JHU_LM2_8891_14_G.raw","JHU_LM2_8891_14_G.raw","CPTAC PDAC Proteins in Serum - Glycoproteome","CPTAC PDAC Proteins in Serum - Glycoproteome","PDC000527","1","59a4929d-f5fe-48ae-bd22-7bb6824408a5","CPTAC3-Other","Raw Mass Spectra","Proprietary","Open","1080396798","23b6350462396b7bf4fdac1b0c34e943","Yes","https://d3iwtkuvwz4jtf.cloudfront.net/raw-files/124/226/JHU_LM2_8891_14_G.raw?Expires=1733934217&Key-Pair-Id=APKAIXDMVIARW22I7ILQ&Signature=BHfBE8y1G3NlrKzb~w1-icL8AR97HEWR-NyNkmQfRzmnLTSfetWMlXLPjk3Vqoq39OpzZl-AY~IPuIj1hekAqHNSRkxgR5pjV0IdL~NOYp7EFa8bPGTlIk-0uDMnI6PqtKiFf6fe3PYea-v-HY2zP15Y6MIjCdw856BjOuBoJRRMuPPvnS8EOZ65lQuRiWEdjFmtQfj5eclEFYNYv0hjDsnD~ADqeraNEdXctCEJYolXQFLJ0QrbB71Pc4WdNlcFaUQvb2PhljTZu3pZTg8g89~WIqycaGSxckmIiVWzjOzHDT7~YrrbTBZRBQ4K8kiBm3GL3cXO1~LusUye8d8Y2Q__"
"4023a86b-76bd-4757-8519-09e648f3a3e4","JHU_LM2_8876_24_G.raw","JHU_LM2_8876_24_G.raw","CPTAC PDAC Proteins in Serum - Glycoproteome","CPTAC PDAC Proteins in Serum - Glycoproteome","PDC000527","1","59a4929d-f5fe-48ae-bd22-7bb6824408a5","CPTAC3-Other","Raw Mass Spectra","Proprietary","Open","1000539031","f08baffb8b52f2f610b000baec0a9cc7","Yes","https://d3iwtkuvwz4jtf.cloudfront.net/raw-files/124/226/JHU_LM2_8876_24_G.raw?Expires=1733934217&Key-Pair-Id=APKAIXDMVIARW22I7ILQ&Signature=dOr1Y1uHlXKlhiu0k8QRMR82T-XSr8FfebqOSchsE5DXkZyzk0N9DahlWU9nb9U8lmCbn5~RkN~m5KR2lhusi9nYkJ99xhlp~D2CBym6DRQThMF~7cgpY1SQp5tZqmlaxAH8YJKHWM9LwA-Uu-INp7MeDv49nAs2V2MNso7WfBaJlSrYD9dxLHDCq4OZn6TQxvX7xQZnyDGnC2lLsSPagsGBHQcNSSCNWqEUUgRpwFjuSGm5y7KLCLvyJUs1NWKp9kr77MN17h6OeCVRN39DAL2YMcASkPXdQHUEtfdgH16uCssqiyEc6zrh3Q8rHGG8w0dTExyqSC3vt~zMwebPWQ__"
"403babb1-0f92-4100-a46b-9f87a0ef5beb","JHU_LM2_7449_99_G.raw","JHU_LM2_7449_99_G.raw","CPTAC PDAC Proteins in Serum - Glycoproteome","CPTAC PDAC Proteins in Serum - Glycoproteome","PDC000527","1","59a4929d-f5fe-48ae-bd22-7bb6824408a5","CPTAC3-Other","Raw Mass Spectra","Proprietary","Open","972773189","ffd0c4d1a8d552674ee99ec216c94fa2","Yes","https://d3iwtkuvwz4jtf.cloudfront.net/raw-files/124/226/JHU_LM2_7449_99_G.raw?Expires=1733934217&Key-Pair-Id=APKAIXDMVIARW22I7ILQ&Signature=UFvZ99Gs-bAX6sEvrazf0BnhvXLXv6cfAO-YfoMu6W3Vj6HaHCUAR4zORlm5vpnStHdWUnROm84qheMXIGAd-~RnPHm3FSchEkVnelfz6indnGJOKfx5tiJWECeVrQ-iaPqHKGuYGT07hn7vR1X9IiwpHvp0XfZgMeE-1UsFG6lcOe50DNFdmlOjRuM~vtLmIasSaAfyHJ-ZthEi9ciFytE9jFCJh7mJjmfgpqbIexftoCyR9ytuoAJ3lG1B6BZuPZiMP32NxC2TzQ7zd4zHQoKCg9pbhfPy9dVX2eXTMHyUAtyrHKXaAY8XiKrM970i7q~RmRh0bYv5iiAtzp53kw__"
"40812ceb-4e9e-4504-8da3-0fcd1b748fb7","JHU_LM2_10022_85_G.raw","JHU_LM2_10022_85_G.raw","CPTAC PDAC Proteins in Serum - Glycoproteome","CPTAC PDAC Proteins in Serum - Glycoproteome","PDC000527","1","59a4929d-f5fe-48ae-bd22-7bb6824408a5","CPTAC3-Other","Raw Mass Spectra","Proprietary","Open","893012831","431f5e2d283f9e43ebc77442f348b821","Yes","https://d3iwtkuvwz4jtf.cloudfront.net/raw-files/124/226/JHU_LM2_10022_85_G.raw?Expires=1733934217&Key-Pair-Id=APKAIXDMVIARW22I7ILQ&Signature=E2Iri8xGsXz3K8gKkZxyoKdK6sPza4g9LT8ZOYQ94ZsxVpy2rOtCgqBiKk0FC-NFOoIIcta-tXdaMsnA7n~izvJzcZleR4DhN8~cL1pym3NRYhK2HzokGfor~0WiWbbVAh4-SkvqbjlUAGruPVHcd3JZzreZ7pn0uBo-tUOPv2W6v0lzAaEVj187TsueVk82INNglfc~j2lg7YjyiJZk6c2xuyjWcllI~AYrw8Iize82QA0IMjd-XMe0iej0qvI35CfzNOoZJe~Bwjty3UcYYFl7lbyl0dOjkuWaMaA1MYdP0yvjVRlhz4jQlTPhNyJYzf8BUX~gKN794iU7fauHyg__"
"423c595e-6919-4466-b9b8-cc9a0b920196","JHU_LM2_S6107_Glyco_3.raw","JHU_LM2_S6107_Glyco_3.raw","CPTAC PDAC Proteins in Serum - Glycoproteome","CPTAC PDAC Proteins in Serum - Glycoproteome","PDC000527","1","59a4929d-f5fe-48ae-bd22-7bb6824408a5","CPTAC3-Other","Raw Mass Spectra","Proprietary","Open","1007739477","6431b0ae8d6337d3236e288d8e0ac101","Yes","https://d3iwtkuvwz4jtf.cloudfront.net/raw-files/124/226/JHU_LM2_S6107_Glyco_3.raw?Expires=1733934217&Key-Pair-Id=APKAIXDMVIARW22I7ILQ&Signature=b~uSNcDnDz4BnRl0wvkVqdxxhyW9p~Y8J8JqRMCqZ0yaM24hVq-twl0cbQfKoNfaFDQ7iDJ7Zu5vf0QXO5WMiAsxmSrZeuGg5H3T~6n23zTYB63fYTnaCl1wgYGWpRt8Am1bDfZHmTxZUPflcfzXwkOhvw6fHxTIBnbsW00xf6pOdw6Aw5LiLQMehWL9Eye29w9m5cr90YFHjMMqQF65YyQGmdk6O96BZrPigmMfCyv1-DOWXUB6-FFKvdgLnBhi1BQdvbNkjP-25Tan5V2Q0j0uR3rS5tKVpSi5d9Xb0ceb5Vjh1iWb3g0AiT157BVLQ7~u19eKC8UG3kqNmTK2Rw__"
"475712e2-27d6-449b-bf5d-e27dfdee6b65","JHU_LM2_8641_43_G.raw","JHU_LM2_8641_43_G.raw","CPTAC PDAC Proteins in Serum - Glycoproteome","CPTAC PDAC Proteins in Serum - Glycoproteome","PDC000527","1","59a4929d-f5fe-48ae-bd22-7bb6824408a5","CPTAC3-Other","Raw Mass Spectra","Proprietary","Open","1110753216","cc2f73d5215c34e4116667fdbb35b54e","Yes","https://d3iwtkuvwz4jtf.cloudfront.net/raw-files/124/226/JHU_LM2_8641_43_G.raw?Expires=1733934217&Key-Pair-Id=APKAIXDMVIARW22I7ILQ&Signature=BYa2N3G1nUI7zk01fiofN9yCVCJhYk2OHyHGpnQv7jlhSCgfCNrJya~gPmfEyG9gJbLg9p1mkGacU3~C7VDXEaiPMwYK45c6EkJWyBwSr6MUe-cR43fOGhPvSlYeJS3z9M0ulZ9MnwoJh4fir7ZZ3cLPJXEmdNYhiEwkwOKtzz5~XHLK2IJ34uEeSW0dURY0GqgU6QLs-QnWAmy3Dez9ZZ0kVdSvamxl32Bsu2HflAQLp0nFD6QD4Pz0h8h0kDY6GeOGG9SaI2AVlKu5SNarg6R3gbMaUIQEVJYuGEMk-N6iyxmRgyLUzX5Unxjlqt9W7RFPflR~kwtKD9GIWKhtUw__"
"48569c8e-f8f9-463e-9247-56ef2b6c964c","JHU_LM2_2195_91_G.raw","JHU_LM2_2195_91_G.raw","CPTAC PDAC Proteins in Serum - Glycoproteome","CPTAC PDAC Proteins in Serum - Glycoproteome","PDC000527","1","59a4929d-f5fe-48ae-bd22-7bb6824408a5","CPTAC3-Other","Raw Mass Spectra","Proprietary","Open","891804402","51591b7bd2874dadd65180202edb9622","Yes","https://d3iwtkuvwz4jtf.cloudfront.net/raw-files/124/226/JHU_LM2_2195_91_G.raw?Expires=1733934217&Key-Pair-Id=APKAIXDMVIARW22I7ILQ&Signature=P5784vfVc6TLiyw~8BGBI6f2A4tb2vxI8ioabkP7Mtl0bOG-c0HJXBUgYhvzHYkO6jEyxx8OC5dAPp4SEcyMe0~5OlnV~2Zw0lxWD7ZGdkeG0o0-VWhw2ulNl~gTNaOohWw-7E-ZMlDw-1V~cRBcBynSbrfua-lCr9a4xxvNbYvUal~DifKxGdA6XbvOIQvs6NixzhGd-FRbe0TlB0CSSByDqXWjlRrWTvZeq724g6ulxd7GaXGIQLG4OuiHyKBJqzjfPNbH0jGVylA~37eknnLu3W4Q8Oc8109r7tjlF9MeQuFvo04s~qK48JTEsigK5XrSn~wAwW6pxlR5xf1lVA__"
"4a2f7b14-a7d2-495e-b8cf-f8dd8032be7c","JHU_LM2_2377_73_G.raw","JHU_LM2_2377_73_G.raw","CPTAC PDAC Proteins in Serum - Glycoproteome","CPTAC PDAC Proteins in Serum - Glycoproteome","PDC000527","1","59a4929d-f5fe-48ae-bd22-7bb6824408a5","CPTAC3-Other","Raw Mass Spectra","Proprietary","Open","1068739573","4978c9c9d2e81d457e3acb29401f434c","Yes","https://d3iwtkuvwz4jtf.cloudfront.net/raw-files/124/226/JHU_LM2_2377_73_G.raw?Expires=1733934217&Key-Pair-Id=APKAIXDMVIARW22I7ILQ&Signature=fkqGMDRxADtMW-gpOrrqeilMCH6G1Dcc3~OLStyRfPxAsNE7QnoCD~TVb6GZYluW27fKVNPYSkpdd1WSct00WQnBRVnX0YLm2ADDL~R9njOxzb9REP92J0KpPFbmfd36nXrnQCMOFlFDIvQ9jvraxf91p1z8shtBCmN3Mjiuh77J87FK09oGER7d8s2cen8~7ME45yf33sj334~s9gl-7IFtFsW8E9cdG8iQUC9SZb86puPk0yZqJN336kSdFEXhFFl2nl0Qqem6WPUKZ9Va8Srq10OkqX493CkmTp69xfLlKt88OXyS~lJxj0Gb7vDGzhaDR3yKuml8hdNB0A~xWw__"
"4b2aa5c4-25c2-409e-aa96-8cb92098f5c9","JHU_LM2_7481_95_G.raw","JHU_LM2_7481_95_G.raw","CPTAC PDAC Proteins in Serum - Glycoproteome","CPTAC PDAC Proteins in Serum - Glycoproteome","PDC000527","1","59a4929d-f5fe-48ae-bd22-7bb6824408a5","CPTAC3-Other","Raw Mass Spectra","Proprietary","Open","945298494","8d1ce6a37a683c2834cf6b181dc88763","Yes","https://d3iwtkuvwz4jtf.cloudfront.net/raw-files/124/226/JHU_LM2_7481_95_G.raw?Expires=1733934217&Key-Pair-Id=APKAIXDMVIARW22I7ILQ&Signature=EIVCKFxgz7fnfZY6GDCjwY0Rywwh2sjWz3sXY9GtVZtHZyYFMrmhZjDjnH~t72f-JUEQ01k4T310AE5xsrns9YbbbXnQiv9joZrpq43gAzhGSoINO~o-Nq9T485KXaSDie730jMZyqj0vh05vE4zpxtDrmJR3fp6yRrfOE3WgakZ7viwB95iNyev5KfGu0WWiX2QWpOouB8ZEMYmlXdV8xfQMNyIpEIF72kU1vOzwH~EcknZ67Ay-AGGVLfDABKChMoO92R8Bz~hSmqviIWkulDYssXsiprX3hB7hO32nsNJtWVma~CHY6XzAjAmaNb6zxG7nAZruelh86j6FD1aFg__"
"4bcce647-5140-4041-bdb1-41ad3b18907a","JHU_LM2_26722_84_G.raw","JHU_LM2_26722_84_G.raw","CPTAC PDAC Proteins in Serum - Glycoproteome","CPTAC PDAC Proteins in Serum - Glycoproteome","PDC000527","1","59a4929d-f5fe-48ae-bd22-7bb6824408a5","CPTAC3-Other","Raw Mass Spectra","Proprietary","Open","861425495","be08a8ee623338649b86fc57777e5796","Yes","https://d3iwtkuvwz4jtf.cloudfront.net/raw-files/124/226/JHU_LM2_26722_84_G.raw?Expires=1733934217&Key-Pair-Id=APKAIXDMVIARW22I7ILQ&Signature=FLi9WK63W5NQ~NaZLuXgr55jVPRC1twUdA0KNO2OtdIx5mbbUeNYhP41uHCHT7h-8Ab7Q1yoReo-KP2EOEa4yn8llHD3393BO~9cdD4UdSla3LGTYjCyeb0cNX7a5hECnqsHbXkeooLW804-JWXtiQeQSrVra1j4X-Rm5SN1P1TR~~DBDlC4tnGzN-dQNd2F0kxsck39b2aWJBmbm1ewflRbBKpdJkNcwSr63aT1bQ97ABYNqUfl8HnCxzNVxKMBfCAgNbwLX3wmnV7-~FMk0ZSnda4qy-DrhrgiOHC8YbQcOx1FL2xrYizu4KpAbux6CRiVukeRsBVem15SJn5Lzg__"
"4e42b1bf-cc65-4b28-bca7-2965c5c02082","JHU_LM2_8526_55_G.raw","JHU_LM2_8526_55_G.raw","CPTAC PDAC Proteins in Serum - Glycoproteome","CPTAC PDAC Proteins in Serum - Glycoproteome","PDC000527","1","59a4929d-f5fe-48ae-bd22-7bb6824408a5","CPTAC3-Other","Raw Mass Spectra","Proprietary","Open","1071363266","82f53c72527f1e5cbdaacfc4fe14a649","Yes","https://d3iwtkuvwz4jtf.cloudfront.net/raw-files/124/226/JHU_LM2_8526_55_G.raw?Expires=1733934217&Key-Pair-Id=APKAIXDMVIARW22I7ILQ&Signature=IlCCELDZcF-6aTsQP-P4IuJJlilLNSSY~DlV9BnRuhTBr-D0A8rTdWTUwts8pER0BfdMCKtQAhg0Mp4p17by-J2JQSCLufLvAkz2gmoKal-kFrF-OONxJd1tUcGiHsbz01SLTJLUHq90oR80K4Kbob-HOzoMdSiG7EMmCYvPgwcWmP53PYm1URa6DNKov~ozCgVIi23r8aYHO19elsfx-05x6CloQ0Ri3d2LOyPXCJgKVaYoet0Ovh07kX~kcjeO6j1cGrHaqi~fFQsRJnGxCn9zozrHSdZcDn5fP3BIKvacGas1vAC0nGqfP1rXQ9cSPXFPyK82AFuXG2zOgvjOwg__"
"5200822e-b672-492a-859c-efa5f0112a5e","JHU_LM2_22716_76_G.raw","JHU_LM2_22716_76_G.raw","CPTAC PDAC Proteins in Serum - Glycoproteome","CPTAC PDAC Proteins in Serum - Glycoproteome","PDC000527","1","59a4929d-f5fe-48ae-bd22-7bb6824408a5","CPTAC3-Other","Raw Mass Spectra","Proprietary","Open","971396292","f9989d2027f60969d42ca9c422ad34e4","Yes","https://d3iwtkuvwz4jtf.cloudfront.net/raw-files/124/226/JHU_LM2_22716_76_G.raw?Expires=1733934217&Key-Pair-Id=APKAIXDMVIARW22I7ILQ&Signature=CHHDXZ7V07uPoYU9KOy4-~OnyTi4939j4JoFmsiXAqqGmRTZ~KHnf7kaj7zLo9IEJsOjEUVNO7dHK6n6BGyAAkMzYL7RT2sKd1fho0mVPsi3ecOih~PCaEyS0sYAIPWqZH27LzafVhpFst6ywwfoK~ZvtbYNDvwOHb3IxzXrP8hr~wKThyv3dIND40-Tm3alY5PhUrPvj0W6hH3FUev7cXSL~IkHwp3g354S~noTw7l3KQ~a0gZjlqAkotnKxzXdXMVRSMLeAdO2f-0tuRJWxG8Ya-GXgsutxIOjKhF74xi6bU9KNECOUbNoYEZ8Z4aY8R2mCrDDWq7N6KXbRjPQEA__"
"5204424e-44ca-41ff-92bf-fcfabaee4201","JHU_LM2_8928_12_G.raw","JHU_LM2_8928_12_G.raw","CPTAC PDAC Proteins in Serum - Glycoproteome","CPTAC PDAC Proteins in Serum - Glycoproteome","PDC000527","1","59a4929d-f5fe-48ae-bd22-7bb6824408a5","CPTAC3-Other","Raw Mass Spectra","Proprietary","Open","1106741922","6e16e9547750938112a54f6cd3dabb2e","Yes","https://d3iwtkuvwz4jtf.cloudfront.net/raw-files/124/226/JHU_LM2_8928_12_G.raw?Expires=1733934217&Key-Pair-Id=APKAIXDMVIARW22I7ILQ&Signature=NiUNANEFbT1-91mYwzQGh0TC7l1Z~D0rBhQqQfCPLkr5HwfbjUi~wzngX8x6WavX47Fsj-oln~HC5PdemRZ7TR~VPebHcvDgSfC-PY6ypam3ZpJG1CPEVnRvDwdm7PlGB1ERRTYD4vu9QFjtq1bSt8x31FiGikwpQnwD8ovCw0duEdlS0A7Yn16SnMcb9OToZo-v9vAt3G~Am5I0-KjDP8gAJp2YJg2OVRfrAAZmMoAlrALAGgJbo96uoCbajzjCdQ9Esl4X1xqNoqxQJCUVtv6UEQCldSBX3Fg-4lpKiQC51sdQGaOM-KxsyqIZbOKty34dGXyT7b8NtsX3X1p80g__"
"5862506b-cc22-4b32-a18a-eac2d2f85a48","JHU_LM2_8787_28_G.raw","JHU_LM2_8787_28_G.raw","CPTAC PDAC Proteins in Serum - Glycoproteome","CPTAC PDAC Proteins in Serum - Glycoproteome","PDC000527","1","59a4929d-f5fe-48ae-bd22-7bb6824408a5","CPTAC3-Other","Raw Mass Spectra","Proprietary","Open","1017118080","9b2a4572de61837e71abb8877577ec5a","Yes","https://d3iwtkuvwz4jtf.cloudfront.net/raw-files/124/226/JHU_LM2_8787_28_G.raw?Expires=1733934217&Key-Pair-Id=APKAIXDMVIARW22I7ILQ&Signature=emO9vmkdst0LWBzOPt1RaYvtwlH22ngFjIzZhU9KjtIX5xePmuVrqs~BOKazM~y4zkbTDFnkCE2rssCIJaGQlpAl3EBZIWxro6STB-PADW2Uc8LlDcUHsL4TKrKgxCnmFkpGyLe85d3icjrrk3XQyAMvaA-Nv8THxjHnTU6zrtGw~ix-mD6NTvOCqcF87kagsrb5Y5ODaF~MHP1lVFq2XDbKdhCLMZqUFP6jskVYKYSnNVJymVonxg0lOF7wptvBPom3PoKGZlTua8Z8axj-oaX0GD1-htd1AauMRkobs4DL~RD1Aelo60ZfPvopeyby7YUtanJkB9~1fCzG1WoMbQ__"
"58b78163-4ccf-4447-99b1-befa284012b9","JHU_LM2_8443_56_G.raw","JHU_LM2_8443_56_G.raw","CPTAC PDAC Proteins in Serum - Glycoproteome","CPTAC PDAC Proteins in Serum - Glycoproteome","PDC000527","1","59a4929d-f5fe-48ae-bd22-7bb6824408a5","CPTAC3-Other","Raw Mass Spectra","Proprietary","Open","1054612812","cd5e1e5271679217f0fba8425dec593f","Yes","https://d3iwtkuvwz4jtf.cloudfront.net/raw-files/124/226/JHU_LM2_8443_56_G.raw?Expires=1733934217&Key-Pair-Id=APKAIXDMVIARW22I7ILQ&Signature=RfRebafMfWA2HK7eP2-5joTxgWIcL2IIhIrZJyf7s~Y5MO4FbMlQuBislwZfiJnNnXCmHv0hFJy0uhRLD~TpTmbtv3~wDJ0MULZpqW~6OEcjWJ2A6LrlgBIQWw0ofS0A0ReILe1yVnUUCQglEFLPEyqbHcIHZQw5GTVXl-USDLJBZeeIG6YZEQc6YqdUB8gRrgEPGSSDoYFZtAjFNNJkevFbx-tJxISX3D6~nc--r8-cfq0HW5hvD6SctRPioxQKE7sDygwXGI~YYeX5NUnVJIBvsnkQMNE3AY8MpWR5XkXDofKNJyK5IsNTnG6qGRrVbmjP74uXOiOH8-Kg~h2gbQ__"
"5a6e283e-150b-4f25-ad56-e32120814c9f","JHU_LM2_8862_26_G.raw","JHU_LM2_8862_26_G.raw","CPTAC PDAC Proteins in Serum - Glycoproteome","CPTAC PDAC Proteins in Serum - Glycoproteome","PDC000527","1","59a4929d-f5fe-48ae-bd22-7bb6824408a5","CPTAC3-Other","Raw Mass Spectra","Proprietary","Open","1017683300","71cffd47807b141da331861679648496","Yes","https://d3iwtkuvwz4jtf.cloudfront.net/raw-files/124/226/JHU_LM2_8862_26_G.raw?Expires=1733934217&Key-Pair-Id=APKAIXDMVIARW22I7ILQ&Signature=QGtcCm8RMWY61Ylumqm-BvtUFl7sugVgqP-Vjcq-I4C270torGX4cDjD~8VClf0-fnJGsVkPCSoOTbaU0nrVn47nUPfGqCZ6hsgRkntKISZhPxvKLbF0lhUNSZj6yK9VacdojhdhwQjKjdbVVm6aT2ou8GGDVoeKAeU-n6m4bqHqdCMfAcWkcBye1n8MTmCGumuSi1W1G8LeWPtwm8yMv4yilwB~y2ZFmzgr4rQS8KrsKYxwwFa~KvF96avtJ3aGHLsrky7kYP~h6Ep5G3375eG2P4z7RxQzvmFUHZBHY7XWdEGbaXVrkb2u~37kBD8fb1pwAH9aRsM0Me4bSdBoKg__"
"5bd951fb-c41b-4b22-b91b-e86a225b0188","JHU_LM2_8873_25_G.raw","JHU_LM2_8873_25_G.raw","CPTAC PDAC Proteins in Serum - Glycoproteome","CPTAC PDAC Proteins in Serum - Glycoproteome","PDC000527","1","59a4929d-f5fe-48ae-bd22-7bb6824408a5","CPTAC3-Other","Raw Mass Spectra","Proprietary","Open","954527832","b9cc0b76ee8a2fc3e76850d456da3b42","Yes","https://d3iwtkuvwz4jtf.cloudfront.net/raw-files/124/226/JHU_LM2_8873_25_G.raw?Expires=1733934217&Key-Pair-Id=APKAIXDMVIARW22I7ILQ&Signature=QzBkwM6rBUgAUJz2rRG1upwLkJSAV4-5KULfrjXDTtJDeB2j970BoEoKRtwVS64Sh8xFPXmcG81cm4IExw4NBLzdhizX4oclPmuXFxcZJ-KSZZImBgnyGUNKeF2BVoxJOovhs0AApikL4ehbR4N8t0ji2nKzjZB5hd~ii0G3Cs9itJGgz-vzMuIxgELrRkQon85HwLZ~PU2oWW4~BggHCc039UYpUkfqjwMsCprHN2N~TenfpfDY817ZRE2oIma0pmG--m438bQ4R~Zrbg~8VnF9Zat-13BocIJqmVrcKT6-44xwcu6qWHDNM56lJkCzZBhXXUoGZ7zIWNfcf06ijw__"
"5f49a0dd-e1d0-438f-a2dc-9c834a50e41d","JHU_LM2_5189_69_G.raw","JHU_LM2_5189_69_G.raw","CPTAC PDAC Proteins in Serum - Glycoproteome","CPTAC PDAC Proteins in Serum - Glycoproteome","PDC000527","1","59a4929d-f5fe-48ae-bd22-7bb6824408a5","CPTAC3-Other","Raw Mass Spectra","Proprietary","Open","911402159","8f5050906292ce1b6ab9179dfe56239a","Yes","https://d3iwtkuvwz4jtf.cloudfront.net/raw-files/124/226/JHU_LM2_5189_69_G.raw?Expires=1733934217&Key-Pair-Id=APKAIXDMVIARW22I7ILQ&Signature=W80RmMypy6wjK3vmwwgifrgOVwPL2Yp4Sn7uuhYrAsIGmgjeBKxGL~iHXnHV~tkeaidNwBxsRS-pMpswczYTI4Spuwi1KR4aMGTNF6zrKLloVWc09Ikr4HNUB~wZrm4ieFRskqoN5zfiwxE43XKfl8uKEwYyYZFojSchLhQrVbccSfQImJVNKFgB1V2MHSDfktbIbhi5QPvYl61-YsNonaKt9lxj0CaqHNuOUyzMEl5AvalSpXUFIvTlM8-vt1W9xlXywPFpUysg5xFitJ3SdT7gFojDUYTexZtm7Qw8OBUKWo4JnKHeZRZP~Q7rEY1iY3dt0SrCLYSJyB4Mtlu8mA__"
"6081b88f-9751-4e02-b8c6-4af93c4b9de9","JHU_LM2_8937_1_G.raw","JHU_LM2_8937_1_G.raw","CPTAC PDAC Proteins in Serum - Glycoproteome","CPTAC PDAC Proteins in Serum - Glycoproteome","PDC000527","1","59a4929d-f5fe-48ae-bd22-7bb6824408a5","CPTAC3-Other","Raw Mass Spectra","Proprietary","Open","874750840","ce33450fab8150058661b7059770ded2","Yes","https://d3iwtkuvwz4jtf.cloudfront.net/raw-files/124/226/JHU_LM2_8937_1_G.raw?Expires=1733934217&Key-Pair-Id=APKAIXDMVIARW22I7ILQ&Signature=HK362h8WgomV8YxkFDN~3bqOWw1NIfYEVgwTWA8luprqNv6vRS7P0QsmGniNQ7-FE38jBzf28FT9lYwbXJz3AMYALAmfRWdkO5yF3tu3qNWeDCGGFq1V~CsJ4pthwMgbZ8SAwSrA-q4zcPEQMiL-VVGhoN3vbXpZlJEO0hBZdWy4Jn1ViNf5j4qw~ggT3Pw0Rj08iAtGQiymCtL9bjeH8KSx574c9AHQttiv~WxUSFyhCm-LGnlVmX1qc9CY57TuHlKL66ZrUzR~TyzW04xl2ZYeQnXgggKNJgu4FQDRqAt~WzjMqZWLz~wTOS5-w698~jdBw3DbCkf~feQBtGrOrw__"
"62180bd9-c0b5-40de-9a88-ec4e99224df9","JHU_LM2_8892_16_G.raw","JHU_LM2_8892_16_G.raw","CPTAC PDAC Proteins in Serum - Glycoproteome","CPTAC PDAC Proteins in Serum - Glycoproteome","PDC000527","1","59a4929d-f5fe-48ae-bd22-7bb6824408a5","CPTAC3-Other","Raw Mass Spectra","Proprietary","Open","975001091","fd4fd2176b545ab0a85b42929c970cc4","Yes","https://d3iwtkuvwz4jtf.cloudfront.net/raw-files/124/226/JHU_LM2_8892_16_G.raw?Expires=1733934217&Key-Pair-Id=APKAIXDMVIARW22I7ILQ&Signature=cYUsZ~xzqJ418VVLGpqBtFH3gCrNRJSw3lylllQtGDhkAAJwtLYG7YlB3spsbaFeS39WEZDoyUAh7Mcb7Wosoa5FrujBod9hZiN5CVMiD7kB10txeh246-OCV~vj~iDYiaDfUwysZd0JmnGpKgtvFXeqqEKn98F2XgU2AyF2o6KzuDVQNeWcWXhnG-NBNf5okwf6XM1wQyE6dH5mxCttNep7tKDFr9ZRib0tPE~atYcB7Xd55Gu~axI56-jxkwtCBOP9JcQH78NCmBwKbyqE3--3aIiUXqJ2t~ThSFWJc6O6Itrg~zmIpAMG75Q-GZBl4Fhy0S2Wi8JzH~Bv2zTEJQ__"
"634cf8c3-2492-41c3-ad58-76fe32b8cd30","JHU_LM2_8740_36_G.raw","JHU_LM2_8740_36_G.raw","CPTAC PDAC Proteins in Serum - Glycoproteome","CPTAC PDAC Proteins in Serum - Glycoproteome","PDC000527","1","59a4929d-f5fe-48ae-bd22-7bb6824408a5","CPTAC3-Other","Raw Mass Spectra","Proprietary","Open","978945213","b06e8810d52a53a81a65c035073dfc1c","Yes","https://d3iwtkuvwz4jtf.cloudfront.net/raw-files/124/226/JHU_LM2_8740_36_G.raw?Expires=1733934217&Key-Pair-Id=APKAIXDMVIARW22I7ILQ&Signature=FZyiyjtpl-OEYBFlAYGQnYHvQSMVs5wF4XbjVcbGNbY6VfQZt8zpjzKkBp35ATD61J26TfPw1cSPbA2KmPiEKuXrz387gCOnCelmhqG6qN3utS1dyXUxRy018t2BXQbORxaq98XKdrKgfc3s9N~-1yUUja15vk0UGq-Chob0RTAeJ~BxJODshPaJxoNKGLQkIHWN4Qh-Hr3U8a676RLpHzNHE~dMOVh8~n8iB8DnRdz7sz-sJ0S5zvO0Dj3navzQwb-EmhMb16tAiddDdVwcf~lLzdm7Anh4XvFQak7VypMLyGVHg552gc6ZlEYlqqjP9gyXjjtNH5N2ZwWH~HnOeA__"
"68eba91f-c64f-4488-b33a-7cf852319e89","JHU_LM2_7326_102_G.raw","JHU_LM2_7326_102_G.raw","CPTAC PDAC Proteins in Serum - Glycoproteome","CPTAC PDAC Proteins in Serum - Glycoproteome","PDC000527","1","59a4929d-f5fe-48ae-bd22-7bb6824408a5","CPTAC3-Other","Raw Mass Spectra","Proprietary","Open","938923746","506e4183571cea62f62d01e0341d008a","Yes","https://d3iwtkuvwz4jtf.cloudfront.net/raw-files/124/226/JHU_LM2_7326_102_G.raw?Expires=1733934217&Key-Pair-Id=APKAIXDMVIARW22I7ILQ&Signature=VkXKw9LUV1umXTJUGKBLwp5g9Z9bFvcc5FC40g69PXYAqTZ6IHH9TtK3TFNqGOyJzhXY2BiubgCbE26M2ZaZZFlOfFmca2oEc4Uom8KOscF7R5JyZ8iv~UdnJnnn2QMtDvPPvSDBwVuiYMq0nW7O3k2cco88WDjEapwYW~d-Goa0zTqMrJJ1Z79bed6yCmOTuq-6f92DFOVWWB19lFVp~uIda2Wg5lnLHU3LlRZoywzMRvbgoxHRKrjlLj40LCCtsG3HjLS94Cukrat3~axBZa8Vw4S4rdgz2PvxHjqFeZ0BJE7CCInna0uVhmxBWD7AZZuOSxeQY-JtsqXoKCKtRg__"
"6902f37e-11eb-4568-9cc9-b9c65c8eccb4","JHU_LM2_8922_5_G.raw","JHU_LM2_8922_5_G.raw","CPTAC PDAC Proteins in Serum - Glycoproteome","CPTAC PDAC Proteins in Serum - Glycoproteome","PDC000527","1","59a4929d-f5fe-48ae-bd22-7bb6824408a5","CPTAC3-Other","Raw Mass Spectra","Proprietary","Open","930136155","592a490761e896e7b8a333411f6a3e92","Yes","https://d3iwtkuvwz4jtf.cloudfront.net/raw-files/124/226/JHU_LM2_8922_5_G.raw?Expires=1733934217&Key-Pair-Id=APKAIXDMVIARW22I7ILQ&Signature=JDjfnNEvU0WLL1uiRls4lcfNJVJ38vtikWCuCZmjgq-RMcby9goEifrHPnoz6cNHo-Cie~9RJwUAcyoxMqDB3TmhQHjS6DjiMyUSFuJJMwXSfDJV3heQjNYgRPBOIVPXykXSM1UKcwdJv~Poi352xhXrQBUxiM1BJ2fkn9-gupcd6MKQav5vNCc02PD7FvGWsslG34GECMW6tR24QgVhsrEqRxXzL~wfbQg5XHpJd8nosJnfEBuuVEJJEHky2v8hNwxMz-fNzvYnKULDbwo1gZaUtOFHpa~jsQzhroAPDR0puxLPKj8VFn1Xt8tHAhJdxyDmOiBs9r0z4ZkdHuJOFA__"
"6db651d9-e558-405b-ba1b-40d4b26ec009","JHU_LM2_8568_51_G.raw","JHU_LM2_8568_51_G.raw","CPTAC PDAC Proteins in Serum - Glycoproteome","CPTAC PDAC Proteins in Serum - Glycoproteome","PDC000527","1","59a4929d-f5fe-48ae-bd22-7bb6824408a5","CPTAC3-Other","Raw Mass Spectra","Proprietary","Open","1067780171","4ba330fe098b6ebd4d094ed5b6d795b5","Yes","https://d3iwtkuvwz4jtf.cloudfront.net/raw-files/124/226/JHU_LM2_8568_51_G.raw?Expires=1733934217&Key-Pair-Id=APKAIXDMVIARW22I7ILQ&Signature=fzgCdtz8dIhGmJNfE2f1E7TCCUJhixFOF~mY2kGaIx0aw3C5fZKQXA~bnwg9XAqrr0YmMOvNJdLmwSzK0-fMsESDWKtDgsOM7L1yTd9d-ZCw~T9Bna6aqvwvajuh9MimtMPNc6ciKE30d2JvFjAt2lA9i7YzLI4c6C4wrHXy~gewfJ1SxWH7NarppD7vLuOgMS50zfy9ewGx2ihye3pcatimbpwL4nF6PPd9nn9GbT0MDZfAsyaWOtRsERBiGoxMQynNIdxMIpuFfaQ~jfZ5uhjWU4QXvonmZi0WJkPCxUGPFdyf~3bfVaTda3nGdEYINx2l-s5h4jUIIjb8aFko7w__"
"6f20f20a-6bed-4668-93b8-b1c5955b5e3a","JHU_LM2_7842_98_G.raw","JHU_LM2_7842_98_G.raw","CPTAC PDAC Proteins in Serum - Glycoproteome","CPTAC PDAC Proteins in Serum - Glycoproteome","PDC000527","1","59a4929d-f5fe-48ae-bd22-7bb6824408a5","CPTAC3-Other","Raw Mass Spectra","Proprietary","Open","955087006","b29ffbc45fb0d589d7eabe10249dba4f","Yes","https://d3iwtkuvwz4jtf.cloudfront.net/raw-files/124/226/JHU_LM2_7842_98_G.raw?Expires=1733934217&Key-Pair-Id=APKAIXDMVIARW22I7ILQ&Signature=eldjHfR6GFWuiDUWk~EKE~BWd9uVrx~-1deNOTEljposNIuY73tPakgwpd0WI02MIPZG1wVGTudAXdYw1FvclC8dB4-WpxBj2Uy5g-QhePeUgEwbPZqPTUKmX1Dm4QWVSd2eHb0KmZswUQz4mkEIIev17e4UiHAZ0BJyM61xOVjuBjC3Nnb85llZ0Uuq7U6cF5eLBAjznsTaHcGxpZfBiv606kAs3W5~4n08pELQYFd5GKoBssU4sXoBzyU5I7-BMQuebAdAUFSxulHaaR5jrRHOvTBq6PfDLYGtb4YZfvF3JsZ~JDI8VS8DQEMLXbjNNLONHqA9EN4aoBaPSZijHA__"
"6f9c1140-d8b0-4b8e-9825-47aeb8e38f58","JHU_LM2_8597_50_G.raw","JHU_LM2_8597_50_G.raw","CPTAC PDAC Proteins in Serum - Glycoproteome","CPTAC PDAC Proteins in Serum - Glycoproteome","PDC000527","1","59a4929d-f5fe-48ae-bd22-7bb6824408a5","CPTAC3-Other","Raw Mass Spectra","Proprietary","Open","1120311871","4786db2c41b7fb2a28a37254f32a5c7d","Yes","https://d3iwtkuvwz4jtf.cloudfront.net/raw-files/124/226/JHU_LM2_8597_50_G.raw?Expires=1733934217&Key-Pair-Id=APKAIXDMVIARW22I7ILQ&Signature=EuOl0iciwu6SITbQhWD7JfF~-CxnNkKbojPrB5~zi8L6H8WFoT5mZ9iy4R~jJJfccPrwILT1DVToX76XsAJ0GzJTbbgye2ik540nMRFhQubs2urbj6VyRzv~~S9zO0zbKLJ2zrDXx0Eem3CY~3QYgnyBffb5dRJ-I76ADb3C5DZ3Addk0WCUh7iHh6y-fNmDcD8QHcKEvBDNrF2~M8JxPuyQfgXmBfpZTy6RDYelyfLpsjLy9EgiwP3JyVCTv~yqjEc7omapRK8t~Qfl6J4wD9kjq02N-Nh2qd5GJI7o01k1uWBuwUC2c7f06oVKFQcdFWluCOyvXHoNcVlrojHV7w__"
"70e1d5b9-a38f-4e59-b1bf-56397d28ebed","JHU_LM2_8638_44_G.raw","JHU_LM2_8638_44_G.raw","CPTAC PDAC Proteins in Serum - Glycoproteome","CPTAC PDAC Proteins in Serum - Glycoproteome","PDC000527","1","59a4929d-f5fe-48ae-bd22-7bb6824408a5","CPTAC3-Other","Raw Mass Spectra","Proprietary","Open","1115411651","fce584720d5256ba1f1109926bfe029a","Yes","https://d3iwtkuvwz4jtf.cloudfront.net/raw-files/124/226/JHU_LM2_8638_44_G.raw?Expires=1733934217&Key-Pair-Id=APKAIXDMVIARW22I7ILQ&Signature=IHtlqeHLiaVsKNUPnQQBdvYGDTePqXh-m1RI5B~4tFqc4wRYuIvnlpN2LzyV54sXn6pfS~~5sc-VDe68tbamhb5LNC9Bu0Jm8JHqqV78UkzjkaLdH4s67VrIasRKuoeuofYlr46rYO3fazdsYaHq0IIMNm67rQj8laPtH7FLx~aFPgYuPMYCMGeedbnWHpzrV4Jxtzq76SGN2-FirnVeFt7dEqIcy4HRsC6VvreWaT33B1smh9x9CbtBlm2iZiP2fS5PZ47U5KfGAY~OVm0FmCxboMbdafUr9VmibgXwCgjQgwwiCse7HgHGT4LatyDtIzfEqe22qbf1Y7rrJsxrxw__"
"7224b0e6-c660-44b5-a4e8-32c01a76cee6","JHU_LM2_8626_47_G_rerun.raw","JHU_LM2_8626_47_G_rerun.raw","CPTAC PDAC Proteins in Serum - Glycoproteome","CPTAC PDAC Proteins in Serum - Glycoproteome","PDC000527","1","59a4929d-f5fe-48ae-bd22-7bb6824408a5","CPTAC3-Other","Raw Mass Spectra","Proprietary","Open","1151168100","d81082670da62b770803f098ce9eefab","Yes","https://d3iwtkuvwz4jtf.cloudfront.net/raw-files/124/226/JHU_LM2_8626_47_G_rerun.raw?Expires=1733934217&Key-Pair-Id=APKAIXDMVIARW22I7ILQ&Signature=IAjaCvAPyy9araCvAS9hEpZMe76Hd-7Hrp3ThY0JUe6OHDbmQGlht~R0191dLGFJWvdasft9LU9RmIvDCx4v3PsVOfLEfwKioeV~l8Oq9xqKs0-KogR49NN8GtPLlTeUGeeYRNyQXmuMYWrSia-XQPISseVv2gHRx04ksdw-UJQVLs9KlY1JsuFk~dkL9gm9VL45aEhdiqcdB8aEbj3gHdAVQuB1Wlyt99sxEm16a1ba8lrj5er~OTC8eq1lX0ELI781BqDL6CNh8JV9q~2rjynaISN9Tk57pb10kOWYtoseUXFV-184Lnnz59P1wOoyJfB6t1ck-g88j37EVVTHUg__"
"74772ddf-ee91-4169-b981-8b0821b23285","JHU_LM2_8627_46_G.raw","JHU_LM2_8627_46_G.raw","CPTAC PDAC Proteins in Serum - Glycoproteome","CPTAC PDAC Proteins in Serum - Glycoproteome","PDC000527","1","59a4929d-f5fe-48ae-bd22-7bb6824408a5","CPTAC3-Other","Raw Mass Spectra","Proprietary","Open","1143420883","3abe0c214b74458f9e83ceca84855d2d","Yes","https://d3iwtkuvwz4jtf.cloudfront.net/raw-files/124/226/JHU_LM2_8627_46_G.raw?Expires=1733934217&Key-Pair-Id=APKAIXDMVIARW22I7ILQ&Signature=MZdafbArD9umlht94uDMsKcllyagYUgNNecWrBSMPmvhBxuQQPeC7t8VNoP6BBVrba2zvcXbUnsDU92eTxny7MqNcFOKU5zlCJxlRdkn8trWxmBnB2oSp3FFod3pqXkysUCB61v-feFmLCaGLZhOECVIwAoWkVKKEdgdqFzTDY8S804HXyPLCFv2V3c-OQO0gREr19CLmg6UOpJ1p5ox4yPQHsVhsGrKGun6aXvCPtK3Aoxl9RHZnEUEw28x4w5IAw-rS7xTLekyVNtkURaKozt-UYdD2Fn3-Yfa-zAJjzxjosUxGo7RdDNZQXTE-cUlDeu0xJxtGy2agsfAK7GA2g__"
"74b493ce-8f22-410f-947c-60cf2128546e","JHU_LM2_8920_3_G.raw","JHU_LM2_8920_3_G.raw","CPTAC PDAC Proteins in Serum - Glycoproteome","CPTAC PDAC Proteins in Serum - Glycoproteome","PDC000527","1","59a4929d-f5fe-48ae-bd22-7bb6824408a5","CPTAC3-Other","Raw Mass Spectra","Proprietary","Open","909373840","57edf3580519a6de647beae64f65042e","Yes","https://d3iwtkuvwz4jtf.cloudfront.net/raw-files/124/226/JHU_LM2_8920_3_G.raw?Expires=1733934217&Key-Pair-Id=APKAIXDMVIARW22I7ILQ&Signature=XTr6v-PNpWAbgbC2OIUNTuj8ANpSmQhAAsLeHs-oAFmwahS-WOxtbqgftF4N3v32X3uQwtBcIzGXc4nJthAV8GN1N7uf0Q5KwUF4SIrlk5wlgbTYgcv4CRAdXn~zmCUIR4IqphOLC2zDt3gorY4MXhyHJkthaqMpvLpRmYoPFu9ccHd78cG-acZUaqBTIoBDl5o78yPFHQKa5816Wd2fYODVr9Fl1hsx-MyjtvMGomNikCCEFHc5dyquCz4GZuWFRYUNg3XfZ2zJx7ReR4W-wZOy-LykCl4zZ8dhRz2qL3ikd3ZoAPidJd7pJAWo1QdhwdhxEaKhPlKbdLFWAXyg9A__"
"7524b6c3-1a8f-4500-a3b3-e8618c52e31a","JHU_LM2_8643_42_G.raw","JHU_LM2_8643_42_G.raw","CPTAC PDAC Proteins in Serum - Glycoproteome","CPTAC PDAC Proteins in Serum - Glycoproteome","PDC000527","1","59a4929d-f5fe-48ae-bd22-7bb6824408a5","CPTAC3-Other","Raw Mass Spectra","Proprietary","Open","1121920467","a7f68291e4aaf743609896af4c136189","Yes","https://d3iwtkuvwz4jtf.cloudfront.net/raw-files/124/226/JHU_LM2_8643_42_G.raw?Expires=1733934217&Key-Pair-Id=APKAIXDMVIARW22I7ILQ&Signature=Snw3kbZLRjUJS-tkquzg837QCnoZc6RCaEDlHm~st4zdJK47VqykaCAdHBnLQX77fkI-AkwoKS0qIBJGhboOFrtkTKv9q25fzz~LdVnpWgjgca5PDdSudM71Lt~UxhKfDNUAlqrMxzKaDEYT5kglQGJpU8GOHJz8er0dVankWe~5ZiLQUwpj9QMPi2phbOzyWzPZVg2gQUxmHz523KJ-PTfsf5ktgDxRSnJVFrA9pa54-zmQ7lVU8uw61OWFVau5tolcakgdzZgO0OHP3tBrvHLOX93OJMZm21qqPGZXrZyCiL8gN-ZJRx7MgiBct7koAQn~MUJir51Z-ahcP0ddqQ__"
"7b012d05-ae86-448d-8225-a921e7b3fefe","JHU_LM2_8688_72_G.raw","JHU_LM2_8688_72_G.raw","CPTAC PDAC Proteins in Serum - Glycoproteome","CPTAC PDAC Proteins in Serum - Glycoproteome","PDC000527","1","59a4929d-f5fe-48ae-bd22-7bb6824408a5","CPTAC3-Other","Raw Mass Spectra","Proprietary","Open","932343750","2df68e8cdbc3fe23cd8cd92a59dca70f","Yes","https://d3iwtkuvwz4jtf.cloudfront.net/raw-files/124/226/JHU_LM2_8688_72_G.raw?Expires=1733934217&Key-Pair-Id=APKAIXDMVIARW22I7ILQ&Signature=eCqMycBwRAL26EfnS5Rf-bkRu9PLbvlSgmujj-avD35Qi28kZG67yZk58CJRW6g0LxrhQuUTq3r8Dqluo96Q-VA8VXGCbvvUI05vZidgqHukLjllgzioJGxljJC60LsyE0tC13NF0Z088fhbfQzLOWa11Qf5iILupST9hawgsRabDYzGKFglENHN5gbngdXRBnYJTASuHHUu~TVl3VOv9~ENnsDgEWuTEKIpleLoi9HEJia-tFFQaMCYXAtTXNmhy-G~VsYcwE-tm8Qk8zhHEISgh7qlIg1RKxg1CGtuo567VnvmdoN9JzsjpBPvm56-jnfTu~kKHA5fHuwWPOEJmg__"
"7d901d46-3e0b-48e4-bc30-adb4350bba99","JHU_LM2_8849_21_G.raw","JHU_LM2_8849_21_G.raw","CPTAC PDAC Proteins in Serum - Glycoproteome","CPTAC PDAC Proteins in Serum - Glycoproteome","PDC000527","1","59a4929d-f5fe-48ae-bd22-7bb6824408a5","CPTAC3-Other","Raw Mass Spectra","Proprietary","Open","911540579","4bb019d27d3470e28fe578130caf8c58","Yes","https://d3iwtkuvwz4jtf.cloudfront.net/raw-files/124/226/JHU_LM2_8849_21_G.raw?Expires=1733934217&Key-Pair-Id=APKAIXDMVIARW22I7ILQ&Signature=flHmYMMtUfAhb5zEJQZJSCfwlkeMbRZg2MJA4zKYug5qyl7kwfk0XNuy7rdVrrT4YphICo9jZgwULug7Q-9awpIG9hLHrwl~dYt3PdQHi1oO1qvA1BrJ6lI0HH8WS62JXAV2GFQ8NSdDz5UETa-Q54B1psQd-2GN5w2DXCkH~Xuf5c7PEizuF2AyifyhbLegRhUnvnyggW4V0Qny7RQgCxUVWnaKYFz2jxYxtcOQb55vgaPlUkEXY2Mi-PtlSvOZy9qRlRs5Cec2z4bVeXvl~7EJCCM5CVYt524DEbArewBw4vxgQWc62M3gbObCDRwTt3qyt3pGAHoyVmv2oN6LWg__"
"7e1c042d-cb8c-4594-a2c6-6bac620bc207","JHU_LM2_Se8561_Glyco_1.raw","JHU_LM2_Se8561_Glyco_1.raw","CPTAC PDAC Proteins in Serum - Glycoproteome","CPTAC PDAC Proteins in Serum - Glycoproteome","PDC000527","1","59a4929d-f5fe-48ae-bd22-7bb6824408a5","CPTAC3-Other","Raw Mass Spectra","Proprietary","Open","920501133","9284059b8d4c9d6146c1b42d51e166c9","Yes","https://d3iwtkuvwz4jtf.cloudfront.net/raw-files/124/226/JHU_LM2_Se8561_Glyco_1.raw?Expires=1733934217&Key-Pair-Id=APKAIXDMVIARW22I7ILQ&Signature=b3Zwfqn-WyOV1N0nk5wLZmNQCTNS~nNyNPcbm4l7ueTcrWg3BYfEmxUW3gLlWsYWRJo5AEJwY66dgk8X2F-IAgDIh32AcnwY4M8AxEV53KlB6nWymh1FvlMeHhgYRJlJ3Ap2n-WZKTSlUHIuv~W~K~zE7VsKVb81j3hNbrFbCK6t1tRQtVRxFY-jpjjIAyAMKsjeXLq~n2oVsVZMwAdRauCql6g74d6KHjDtl3FlxyxnN5Is86JeXTnhQAaXmeMmAMFIgLeKcSAssgY9GGRN7~tsDYCUn4sUBPeL0o9C-l03kigCVgjrWBPW4Ha9RblO0I8HdL8dEPIkuHu9Jgks5w__"
"829022dc-3ebf-4e2c-bdf7-6e7b987cbb89","JHU_LM2_18029_81_G.raw","JHU_LM2_18029_81_G.raw","CPTAC PDAC Proteins in Serum - Glycoproteome","CPTAC PDAC Proteins in Serum - Glycoproteome","PDC000527","1","59a4929d-f5fe-48ae-bd22-7bb6824408a5","CPTAC3-Other","Raw Mass Spectra","Proprietary","Open","922672815","d4cff738ec1028b17c04c1895c8da881","Yes","https://d3iwtkuvwz4jtf.cloudfront.net/raw-files/124/226/JHU_LM2_18029_81_G.raw?Expires=1733934217&Key-Pair-Id=APKAIXDMVIARW22I7ILQ&Signature=bxXgak-gWIYGXIG7urAW8xkSkPgt5bGz67o7etBzQQ9vf4a9X5c9zVbMwpCK7LLeNyjslIPGHZhuL-0MnE6HRGOvHOXcMjvcRksNf2RHA-vBbn~bOHpTppavzTkVcZBeIhNLXCV5pPXRwqPIeRaFzyF83a6NGwTr0P61uKYZmymjMDOBt9XH4cP6fOhqn5XxlzHC3cf2hZixXgt7ZndlQ9bk8HWy78ToppKj5cbAOAPfuKeSjU485bWBp9uWV8obtcgAIzwTnZHNjBPG2Lplrylwziwb0OJRD9oSL-z1KKDFf~TA2HwIeSHLyhKMWEqvtmANEB247~9E6S2qpckskQ__"
"84464ed3-57a2-4ff0-828a-fe26162e0269","JHU_LM2_8822_31_G.raw","JHU_LM2_8822_31_G.raw","CPTAC PDAC Proteins in Serum - Glycoproteome","CPTAC PDAC Proteins in Serum - Glycoproteome","PDC000527","1","59a4929d-f5fe-48ae-bd22-7bb6824408a5","CPTAC3-Other","Raw Mass Spectra","Proprietary","Open","941462216","22d5f72ef07c527603c9e7e9ab43b028","Yes","https://d3iwtkuvwz4jtf.cloudfront.net/raw-files/124/226/JHU_LM2_8822_31_G.raw?Expires=1733934217&Key-Pair-Id=APKAIXDMVIARW22I7ILQ&Signature=BaSGG87zNNujhDKpMtsxqWUBgfcqnQW3QIV6D3wHtOM-IGokgfNi1sxEs7UsfEQtE~7PPi31S-2NRadaqKlY78Tab82IGTESH1fUI7csDSyjexhl6q4u4cepxON7Ldt~2C~KYBaQVwsZwDnNyrd5x0RoU7bODJGK07YJIjKxfR0xiH8GfAWn~2mNRKRsWc3bqLsF-YwGlTFzR~jG3rW2ye8H-o1-EhNAfOH~Qhic9~uom3e-DMOqy22SvkLfJC1ko11wa2Fp26YCGV0tqAC1ZZ0q6GvxfUmqkwX5XUBS-v0oW4hHYxG9lfBD7JgEb-6bjF67PUeGP4e3hPgRyxeunw__"
"8536b638-3f65-4463-baf0-721144592800","JHU_LM2_6371_104_G.raw","JHU_LM2_6371_104_G.raw","CPTAC PDAC Proteins in Serum - Glycoproteome","CPTAC PDAC Proteins in Serum - Glycoproteome","PDC000527","1","59a4929d-f5fe-48ae-bd22-7bb6824408a5","CPTAC3-Other","Raw Mass Spectra","Proprietary","Open","939550948","7f7328eed9bbbcfd53c0ac370f65f1d3","Yes","https://d3iwtkuvwz4jtf.cloudfront.net/raw-files/124/226/JHU_LM2_6371_104_G.raw?Expires=1733934217&Key-Pair-Id=APKAIXDMVIARW22I7ILQ&Signature=QE3t0~HeI9N4Vx7xSB0WRhKSijWe5Q2GgqZ~jm6f~zh19UweHWTWFngbNSW~nyRBqddYY~wdE14CLFI~zh~vKJ84ztXm8XrNV4U0tof7-7DkyzxkzqB76~Jk118ZRN5jf4kw2IFYA5kI7gfcNTfQrMElo3Ba2n65DCAgWxlV6C9NDnrXKaiWkQHHzPU7pazsfU~H62X060iWHsZr182caPDxSSeN2IYcjP4GKMdWzRNPOXMXgqV12YWggIvkTuDzOBIAFInvUxAdnVPeZVYkbbrTspTVxsGo~VEs9NmxokzFAnIcP~7w~oib6-FceKuHYpurQGd3znTiLWoLph45uw__"
"8995a7d9-5fa3-4ac2-80d7-8ce805492ab9","JHU_LM2_8915_13_G.raw","JHU_LM2_8915_13_G.raw","CPTAC PDAC Proteins in Serum - Glycoproteome","CPTAC PDAC Proteins in Serum - Glycoproteome","PDC000527","1","59a4929d-f5fe-48ae-bd22-7bb6824408a5","CPTAC3-Other","Raw Mass Spectra","Proprietary","Open","972878584","01ed16a15a22cd6f660539e30f116311","Yes","https://d3iwtkuvwz4jtf.cloudfront.net/raw-files/124/226/JHU_LM2_8915_13_G.raw?Expires=1733934217&Key-Pair-Id=APKAIXDMVIARW22I7ILQ&Signature=IA0iLqC8yVBQW4Ct7O2NTZxrypISrcCmCFdWUbYTLCbB~k79t7IZ8wlI2ZweoSj71tt9ua7SjP~0upy4WEbp20M6CmRaJi6ZYxwFV1GC0lhf6bnaMR0tb9YV90~Wn68JI7y3jOt3rSbbSOnkGd5dkIQTQfRc0h4YaoOAO~0eNryjvns-XCScgGbUXXh608I~NJ713c8iKAeuJHGFK6YwIVCCpO00gBmPeBxKBaGmdXjZ-9K1lV5Yzbf-zTJycAwbU-YJ055f-aJBMHwr6hA2VlMruWFvFI2B5-hv6DefrR6CFUXWFcn9646Djci-X3QaXnHPo7upw5m3GiN1cXx2Cw__"
"8d59438e-e9c1-419b-9c8b-17fa282400ee","JHU_LM2_8005_93_G.raw","JHU_LM2_8005_93_G.raw","CPTAC PDAC Proteins in Serum - Glycoproteome","CPTAC PDAC Proteins in Serum - Glycoproteome","PDC000527","1","59a4929d-f5fe-48ae-bd22-7bb6824408a5","CPTAC3-Other","Raw Mass Spectra","Proprietary","Open","986138718","0f1436531609ef4515d4766c399e83c4","Yes","https://d3iwtkuvwz4jtf.cloudfront.net/raw-files/124/226/JHU_LM2_8005_93_G.raw?Expires=1733934217&Key-Pair-Id=APKAIXDMVIARW22I7ILQ&Signature=XknTEqqHbyPccqmKUTGtRfOLsvj2Cm17uymPW3aVIbbdYZGZk4cT1UIuy-9lKYWZj~JK7R1lLTltZvopE~EzA1mP7288mcirfBfqfQ-RcG7N6BZNCXS3WGT4L~U4CrIDlhh2mKhz-tdb-PWKkbq1Q-oM7nAf-tV5wnvI4G9GXDUFSLJiHCLpIKnkd~et87ZdK5354sIicHniZ4JZz6dJYwjfMRip4jKDrAOnFw8jPuT8dthH5ELlI7Gg79ww2AZJn350j8~RLJnLXuut1GzQHV7hs~nR~aGu5dMHxsE9vyW90amu7liNsPnf4LEfOEKoYzW5xjnt0aUVdSbR2JFLvg__"
"91fd03de-eaa8-4e4a-9a22-29c8197c3dfb","JHU_LM2_S5048_Glyco_4.raw","JHU_LM2_S5048_Glyco_4.raw","CPTAC PDAC Proteins in Serum - Glycoproteome","CPTAC PDAC Proteins in Serum - Glycoproteome","PDC000527","1","59a4929d-f5fe-48ae-bd22-7bb6824408a5","CPTAC3-Other","Raw Mass Spectra","Proprietary","Open","958052414","a2868767c64aa619cff1b8f56185bf8e","Yes","https://d3iwtkuvwz4jtf.cloudfront.net/raw-files/124/226/JHU_LM2_S5048_Glyco_4.raw?Expires=1733934217&Key-Pair-Id=APKAIXDMVIARW22I7ILQ&Signature=bPx6sytTj3AHCu84dHaQPIdDwS57Pg2sNXhy4Zd8Rme6lbJkiEG53z-rvkb4OZz~bSrLerMTYhfqz586JavIJFJaIdGHO4bc-Oms0unhBwisv9eU2847OFTnaX7aMj02ZY882Pp~vrjfoLschUZU~vjTgNQDW0ab8YqrvhZfkHU0xxq-UQVVBqq6Z2AK4U6ALE0dL4v310a7JEzmxibA0cd~qxZQWHb4JAAMKdhBD0indHVDzQDHPORVyCYCoMrNNW4Smnwf90FDqo9Rz1PfF~d6OfOYvXB-4ZrPa7PwFyW9kXoeu77RYHjPYRq-CmSl~r1AC4v2NgIlKLfIhb2Y-A__"
"9395b1f8-5199-476b-ba3f-5baf513a8207","JHU_LM2_2112_87_G.raw","JHU_LM2_2112_87_G.raw","CPTAC PDAC Proteins in Serum - Glycoproteome","CPTAC PDAC Proteins in Serum - Glycoproteome","PDC000527","1","59a4929d-f5fe-48ae-bd22-7bb6824408a5","CPTAC3-Other","Raw Mass Spectra","Proprietary","Open","920391042","240ab36672c727cb13056fd37df9ca09","Yes","https://d3iwtkuvwz4jtf.cloudfront.net/raw-files/124/226/JHU_LM2_2112_87_G.raw?Expires=1733934217&Key-Pair-Id=APKAIXDMVIARW22I7ILQ&Signature=AXtlwffreXGfTRxf75Xhx73ugoXBVGAF-hdw9iCqj82D4plTg1UYhy3R07JdXrk78E5czwC~MkLoWNXwJw6Or8aeJRzKf8rmla-~Wmjz9tk3FyezrcbWF~6q4S5ItnPlrcZHQPX~f-csthD04yBqTpw~p3W9SNIPubCtAm5BdOEhGYrHdM86AnpvVrqs1gvPrQVroayqAHzrg5em-9hLN5e9nr4gmx~3wM7x9enPwXBd9s3pxvmsEgjXdnxLvbuf-1o2rxjl3S4jsBN6aq1GDGz0sx0v2we0ESZTWljWUZXTlAlsZVm1CFHuFEs06HXqc-q~rdYRBMrtId5wvwQ0yQ__"
"95141cba-8661-464e-86af-22b0b768f04f","JHU_LM2_8532_70_G.raw","JHU_LM2_8532_70_G.raw","CPTAC PDAC Proteins in Serum - Glycoproteome","CPTAC PDAC Proteins in Serum - Glycoproteome","PDC000527","1","59a4929d-f5fe-48ae-bd22-7bb6824408a5","CPTAC3-Other","Raw Mass Spectra","Proprietary","Open","940360827","b7a09ed518e577054e14546d21e40fea","Yes","https://d3iwtkuvwz4jtf.cloudfront.net/raw-files/124/226/JHU_LM2_8532_70_G.raw?Expires=1733934217&Key-Pair-Id=APKAIXDMVIARW22I7ILQ&Signature=UrHonTGQ0R42dtC1Y7sDoZ5tZuSxaZtvd~WgNDQIYa7lA5Uocy45y7cgZex~VSU3BVLG3eR3cZ6dyc6Hm2gJ5k253FX97Ltvzfg~MsA8~ZdwYx3QEvt0uhkiwfr5mf8-Ela1-ubmcoo98X5eyFNEzD3LkYDppGwUiSeUMjwl5m0pS3psOJkMG5qXdtL5gDovexymUc93lA5SYJbLYORm4kwxukI2oB4JdEzbkVOVy7J-UEdfX0ybmeXPZApXxEo-yLJ5PAtj0XMCNZ-28zRUQjo4rgTj2E746z3ozOSC63KiRkcqhMa2JserHYL4BpNs3IDmh6a4WjzijD2jFZNu4A__"
"972b63aa-1143-4f34-a9c5-441c810a0fc4","JHU_LM2_8879_23_G.raw","JHU_LM2_8879_23_G.raw","CPTAC PDAC Proteins in Serum - Glycoproteome","CPTAC PDAC Proteins in Serum - Glycoproteome","PDC000527","1","59a4929d-f5fe-48ae-bd22-7bb6824408a5","CPTAC3-Other","Raw Mass Spectra","Proprietary","Open","1069005172","9698634d4fc841d2e8b05481a339af7a","Yes","https://d3iwtkuvwz4jtf.cloudfront.net/raw-files/124/226/JHU_LM2_8879_23_G.raw?Expires=1733934217&Key-Pair-Id=APKAIXDMVIARW22I7ILQ&Signature=bFM2YLECWxk7cy5ep-pxSt-JfCRqzBsqmezawA6xbER9ysBTXRP~RxtzbOz2rxhHFHN~GuPBdm6T6ffqagqMFRQ8VcbiiEVDu1xh7Qw3bfuyBuY8wvD-VFYuT~BiWoExKPDhg5P9rnLgOtDNEzkP9n2KbD3YgdgcOEBpo3RzVdp~KY4USVppSZC5e4kBqbh9Jjlb64b94r7KRaF4ILb7oAxSJvVOWPZjzBJEKfRnTwESCFqikipodpQ2JyX2KhpWn~ODhhWRYBOJYPDmkxlakJX~lW0Z63gfWjTJfVXBohEqeFA0nk-zqnIGkIFu6zwVqNjxHaCfaQYk0RCMfsSldg__"
"98c40b92-903b-4b26-b958-37bf19a42c00","JHU_LM2_7775_92_G.raw","JHU_LM2_7775_92_G.raw","CPTAC PDAC Proteins in Serum - Glycoproteome","CPTAC PDAC Proteins in Serum - Glycoproteome","PDC000527","1","59a4929d-f5fe-48ae-bd22-7bb6824408a5","CPTAC3-Other","Raw Mass Spectra","Proprietary","Open","872382635","bfc5a273e3d95f75234d331959b04d2c","Yes","https://d3iwtkuvwz4jtf.cloudfront.net/raw-files/124/226/JHU_LM2_7775_92_G.raw?Expires=1733934217&Key-Pair-Id=APKAIXDMVIARW22I7ILQ&Signature=f6G1MEpF1AFcI5dZUD8aWMMoTiMm03E1dYSsi~xRXtErlE5NsR9sijSmoI9bv0aBwUDUZhcmWz0zZ9LX-HaTKTs6mq~YLyRLZqkMF5uRnCGc7vMmfCW-08yeljA0C-gz4dCkmjQB0TamluLm1mboINqTah0nMXOJkWoPYEgpcNm7zhvg3DUpOapx1OFwyUED0NyJs54cinWFWBHLhHTC6xx-kekvpDq8cy46W7FS9M6HP9zUsuPbJiJU9xPapzlx3sjivZSBp641htXJNMB7iuDMUfYdVXuT6Kr1c1S~F2uJPQHcCfVwlntdl7HDp-QpNxvBgWrGFmxAQV515s2IUg__"
"9c0715b4-cff4-4789-84c6-27d9be54ee58","JHU_LM2_2518_88_G.raw","JHU_LM2_2518_88_G.raw","CPTAC PDAC Proteins in Serum - Glycoproteome","CPTAC PDAC Proteins in Serum - Glycoproteome","PDC000527","1","59a4929d-f5fe-48ae-bd22-7bb6824408a5","CPTAC3-Other","Raw Mass Spectra","Proprietary","Open","911154168","e7e805d84d4c1c2485ce29366aba0494","Yes","https://d3iwtkuvwz4jtf.cloudfront.net/raw-files/124/226/JHU_LM2_2518_88_G.raw?Expires=1733934217&Key-Pair-Id=APKAIXDMVIARW22I7ILQ&Signature=IJn-dSfMVafwfEjWjE7F-CLCyQzGe~29bla6OdkhesUdxNiE80VSnydDoBUj4TTts-HQu~lP-MkDbnqRvTKEmgCyQ-BcC8EpsHZnP4RlUjAKchEmoOJN8kIRdXd6vNe-05sE4XNk7U1tRaZWj-HIlEzRB5iyPXBIWo34OhJeZxCC5UMudC-blyHIacgwHhBElGwRMZeNPz9SS2LESMGBnbHP~6WQflpSLmB3-D-UZs-wED1mSaCxR168rDG3FEr07~r3ztUY9LeFBI8c3P74lA~jdjFB~5nMNLzYgx8wypaFDahGr3hDZ9FrN0VKMiEA6X7CxzM5SgmlimVs7lyMGA__"
"9c426cbb-b88e-4699-bf23-af48d0c652a1","JHU_LM2_2952_110_G.raw","JHU_LM2_2952_110_G.raw","CPTAC PDAC Proteins in Serum - Glycoproteome","CPTAC PDAC Proteins in Serum - Glycoproteome","PDC000527","1","59a4929d-f5fe-48ae-bd22-7bb6824408a5","CPTAC3-Other","Raw Mass Spectra","Proprietary","Open","923753831","7a5b8fc73d41f36a835e71946502188b","Yes","https://d3iwtkuvwz4jtf.cloudfront.net/raw-files/124/226/JHU_LM2_2952_110_G.raw?Expires=1733934217&Key-Pair-Id=APKAIXDMVIARW22I7ILQ&Signature=YSPf9tri-MFAbGh1fD4LQD39gWdpOoovFOzPRJaw6b3KQKUOCQCj~bZFFadIlVZO9eMr68gdiJ70bm2oV~R1i2KlV8Oj6HOc76suAmHZ1iShO1BD6LMQtGoeONzeovJ550Xic7gkFY0a3yXRIyjaew0ZmUqp1lml8gn9-9rPN84GEqT4vhEcF25NSxW4zlqwCUUb2SkyJbcwGGXiYirZ8Tbiua-s9lJydkll5pVENtayDiOjbzzIj8wen8OUglPEk7dvPbsoAfBCbCDD9acoVxdTKVHsdNl8rc6rWn-ET8aKFDvExBYsBlCwi1NCMdszLACnZ3wA9bZQRLqLPLt89A__"
"a0080935-95d8-4ef4-820b-64826f5f038c","JHU_LM2_Se7595_Glyco_7.raw","JHU_LM2_Se7595_Glyco_7.raw","CPTAC PDAC Proteins in Serum - Glycoproteome","CPTAC PDAC Proteins in Serum - Glycoproteome","PDC000527","1","59a4929d-f5fe-48ae-bd22-7bb6824408a5","CPTAC3-Other","Raw Mass Spectra","Proprietary","Open","1001375310","049e6526bb6f23014928ed9046794aa5","Yes","https://d3iwtkuvwz4jtf.cloudfront.net/raw-files/124/226/JHU_LM2_Se7595_Glyco_7.raw?Expires=1733934217&Key-Pair-Id=APKAIXDMVIARW22I7ILQ&Signature=d6m9Rqbl3hEMeRkiPNtU1~1SzQw1O7BWs6absqUxHsBmjZiwlqqsgM5xmXjRhWWPYx6ihnnzuWx5yFliKpqQAlXYIl5zNJiK2y9fjMe14k4yfC7UpmLBM45IO4~JP9mAcrHPryxF5ZtexBaRJVELIvxuW4EqIFx-m-IjsP47QpozSPbp-eK2EALdTji1oqzIztYg69fr4AX-5lftaihDcz9c7Up29EpmUJEqK9IX0N1l3KQLEJUrNdqUExQMAPmQVl8UyKMc7uXx~kh95osqzDylZJb0tX1FcCAkA1sFSpwuUYklLDg-mUgPIx5mMnRvR4Y4J7NXKKIspn0~by-Vdw__"
"a02ccb85-6d45-4f4e-b3fa-608a0f90070a","JHU_LM2_8733_35_G.raw","JHU_LM2_8733_35_G.raw","CPTAC PDAC Proteins in Serum - Glycoproteome","CPTAC PDAC Proteins in Serum - Glycoproteome","PDC000527","1","59a4929d-f5fe-48ae-bd22-7bb6824408a5","CPTAC3-Other","Raw Mass Spectra","Proprietary","Open","988783822","7240e6140a6ea1d4a759368948b1c9eb","Yes","https://d3iwtkuvwz4jtf.cloudfront.net/raw-files/124/226/JHU_LM2_8733_35_G.raw?Expires=1733934217&Key-Pair-Id=APKAIXDMVIARW22I7ILQ&Signature=adzEGoed38mP33nJw56vv4iJYrMM4twQiyL4bDlzlQTdMU77VTBtkI3~pKvKDx9uIyw-TTieqRBoJc1ID74-JHNwlkW2pcw--8ElZcLvQKO02oBhLre4GmBS3Nqtb6AdN~bbYvK2S994c5c3YOwXgsmuARtXBmCHcksYboyFQgIsQjz5ZBs5O1QLPKtKCumKhLrco~0gzan1wWYrqVu3C8ppDwyTVcpJ0YyKjZYCmVwKHcixjZ7c2P3qJSJQNwcVr6gjlCfNw4VmJjhteqfbwkr1A8JREIph00P33nJZ7oy2UqYJ0TwwWv-9YpZjOs3J33AxzlcAabnLGwH8dxbr~Q__"
"a040ff96-d58a-4991-b58b-f27dea9a6450","JHU_LM2_5624_78_G.raw","JHU_LM2_5624_78_G.raw","CPTAC PDAC Proteins in Serum - Glycoproteome","CPTAC PDAC Proteins in Serum - Glycoproteome","PDC000527","1","59a4929d-f5fe-48ae-bd22-7bb6824408a5","CPTAC3-Other","Raw Mass Spectra","Proprietary","Open","974035774","a6be49462bcf507b0babdc3f8b955ce0","Yes","https://d3iwtkuvwz4jtf.cloudfront.net/raw-files/124/226/JHU_LM2_5624_78_G.raw?Expires=1733934217&Key-Pair-Id=APKAIXDMVIARW22I7ILQ&Signature=IO-r9TnaNYXfYxyOhN-u0Uj80XQNZZglZMjx01eKN~tCDPku~Tprtqz68lPaue3dg8oLWOmp9h5IIjSVPasxYwgPubADYfzidU2PV02QgfGnxUvR-C36yERiuEkOLdU~Pw2OjJKky2Y78-3tZMSGQ67riywnXG8AW2X23vNqaVtT7s7tVMQ~qgeA9EmbXVL2ZzdrJUSVbxrDCFKJJP7U~uYyxaKiwAOiR~QSAp-1sO45gRmKD9hmseGLMp~wFYhZ0VEH4bH7NgFfZ9p7YBxn42P7IxMnNNAtiFhwn0D~nUApuL2vGZkdySikTxi2Whn2oGXIXVI0PVSrv1ldvrwccw__"
"a10e6610-8292-467d-84cc-780a2ca873ee","JHU_LM2_6564_74_G.raw","JHU_LM2_6564_74_G.raw","CPTAC PDAC Proteins in Serum - Glycoproteome","CPTAC PDAC Proteins in Serum - Glycoproteome","PDC000527","1","59a4929d-f5fe-48ae-bd22-7bb6824408a5","CPTAC3-Other","Raw Mass Spectra","Proprietary","Open","1056185967","4a2914c3100f47bc897fb51cfd241557","Yes","https://d3iwtkuvwz4jtf.cloudfront.net/raw-files/124/226/JHU_LM2_6564_74_G.raw?Expires=1733934217&Key-Pair-Id=APKAIXDMVIARW22I7ILQ&Signature=LVJXqYvrxEBiud1qVCwZXIaJnE9xOI~Wrp1J4tLFV-nXrMqIMw-iVyh1o93GB6VG0prkf4yrxMk7aCxk7AxWOOs80kte7HRpBG0pJrWL1VD2eesxVPhozDjJFdKRzwKXGpDHYjCKNJPoRIcgjflJwRHQhcEkAlX8bCjrcSgP2HbIxG7x0Le~D~ugMMG9wcaKFNrXefi6IIbhtX6YaFnCA8jhs3TmhC962n~HzqRziACTblCg-0i~grZD8cRfJGfdhcsoWFeoIibMhhPsBHtVFs6iXTS8wkPf0royUGZzpTU1LSAGriQro77bqKhBJBZnxEj-xTxWgGjCYxdr3JAnjw__"
"a2228fa5-ebd9-4462-801b-79da426134a3","JHU_LM2_22694_103_G.raw","JHU_LM2_22694_103_G.raw","CPTAC PDAC Proteins in Serum - Glycoproteome","CPTAC PDAC Proteins in Serum - Glycoproteome","PDC000527","1","59a4929d-f5fe-48ae-bd22-7bb6824408a5","CPTAC3-Other","Raw Mass Spectra","Proprietary","Open","933118439","886a74d7a6d8ace61241efc11b2cbbe6","Yes","https://d3iwtkuvwz4jtf.cloudfront.net/raw-files/124/226/JHU_LM2_22694_103_G.raw?Expires=1733934217&Key-Pair-Id=APKAIXDMVIARW22I7ILQ&Signature=cY12PCcDzLUKiK40s9Oxj6O98P6acyuqUpD96cDO9w6VbdziA3K9CbilAS9Ue~xI2THnFLKTLjVNVFExk02qpk1HQX~DNhOiI6Po5BIgvyIzxQsjI~2WyUFEgIH4fzg6aZ4O0OYc49k22z8pVrB5Dqm9E2We~i9XkVPG6Bc3oVfrtZcRJQ3ntVkmmrD6jBTkM0MyMCUaRvYZap8stqlAuiWKlF6fqq94e7yQNZlESGLEHElwCsgRqY90UFVjTInjE-6h~WN3K11x4OgwoBoFGabMfae7m0py6tKgzZsnWm3KMR0K7nq3KMLrEfinwivxYZm3Y4xZLFjz0KAF-DpUZQ__"
"a4c3fb32-2199-4bb5-a642-d0fccf9f1de0","JHU_LM2_Se8135_Glyco_6.raw","JHU_LM2_Se8135_Glyco_6.raw","CPTAC PDAC Proteins in Serum - Glycoproteome","CPTAC PDAC Proteins in Serum - Glycoproteome","PDC000527","1","59a4929d-f5fe-48ae-bd22-7bb6824408a5","CPTAC3-Other","Raw Mass Spectra","Proprietary","Open","1027802518","71a76087401a39407a2f53719546e7f2","Yes","https://d3iwtkuvwz4jtf.cloudfront.net/raw-files/124/226/JHU_LM2_Se8135_Glyco_6.raw?Expires=1733934217&Key-Pair-Id=APKAIXDMVIARW22I7ILQ&Signature=gRSJXGdWMw1oG9Fcz2SiIebG9DTePbimcDzINInHjaFmFLPSJAdo1NMPs4qUahIVVbNqIw~jqaR4-MseBrUzm2M01oklniHr8YSFz1Vu4wjGSZk4aqDz5XOWM5BaaGBFvqReKXzB0bne9ezSuAGma~2jSdwoswFEWEdIJn0UPFOXZfeUCpee4ZxwA2~cTpQJfySwVaaX6MRKabKKYSUDKc84uJP6HPcRgYuMJ0GcHTbPlT87jBoV6mOLAySqRy7UIjtVQboFtDdcLIPdfA484j6dEr1hnxdo-Y~3Pf9-xHrnhTpAvdQK93~cWR~D1tWobapi7bLyxCDeB0jYhDjN9g__"
"a4fb92ec-0b29-4b14-ac65-6bed691e6d34","JHU_LM2_Se7340_Glyco_10.raw","JHU_LM2_Se7340_Glyco_10.raw","CPTAC PDAC Proteins in Serum - Glycoproteome","CPTAC PDAC Proteins in Serum - Glycoproteome","PDC000527","1","59a4929d-f5fe-48ae-bd22-7bb6824408a5","CPTAC3-Other","Raw Mass Spectra","Proprietary","Open","1020049757","2a03df5b91b7ba317f8e9767312aa3d0","Yes","https://d3iwtkuvwz4jtf.cloudfront.net/raw-files/124/226/JHU_LM2_Se7340_Glyco_10.raw?Expires=1733934217&Key-Pair-Id=APKAIXDMVIARW22I7ILQ&Signature=WiAv~OHTttZPAzrWbX6v3Lmh~LtNyBDmP7PJJAiQZbHFKfWVATijFJT2k73QxSUvnfjlt7hJjSElz6tnhg5~mNK-IjnyzCAiflrG6in3Lg2EZWvx6wXwobS8xC7Z7QA-HR2AzBgwivM-zqErNnqiVzhGJyVQO1C8jMbyadoZ4Y81W6bCa8TYeURYKV3CPWyiBbenXySAdppA9fLCMLWeRTzq5LeYGlgLUDQgDrT7PrzSRKUIeGCo5YUgBl56roqjexnFW1mnA2GQkkS3LxQxTgp2CmNLXdHbUmG-NSa4tGtv5UM-Vsd4hHJ6zlpCovu94mBKiuxMII2cA4w3QW4o2w__"
"a5825f91-6f40-4e7d-b343-9937559c1a7e","JHU_LM2_8537_53_G.raw","JHU_LM2_8537_53_G.raw","CPTAC PDAC Proteins in Serum - Glycoproteome","CPTAC PDAC Proteins in Serum - Glycoproteome","PDC000527","1","59a4929d-f5fe-48ae-bd22-7bb6824408a5","CPTAC3-Other","Raw Mass Spectra","Proprietary","Open","1089521259","67a3ef09ca331f41e0389c9022c917a8","Yes","https://d3iwtkuvwz4jtf.cloudfront.net/raw-files/124/226/JHU_LM2_8537_53_G.raw?Expires=1733934217&Key-Pair-Id=APKAIXDMVIARW22I7ILQ&Signature=BUbIp9vVB2DpTqktuu~nfPS0DF498war3IU2bhfFM7UrfCYXRaLCQKMQ49SGW1YT5v7d1~xV~SFSh8LczD-FVuOku3doywrbIXebcWCunVLCaoG8josGEM-9Re9Yqn1ZBiE0hNtK6QE~n68Qc1hiuuBYAxyUTGSwmh5SkoEkWD8hM-6UBPomgnknl8jW7gDxb9sD7C2uWb0MnQGemmC8wMmfMqWOU4SHF2I5N~PPhjoJuorbwer2ikbzJtfOjqI91uPF7ShSAPAHO8zhP8IjX9K~epIKNckC0I3Si0osFreViOQ1GeajtP9x0Va3LcLejTv-lHYReDW0kDCE4RiAsQ__"
"a9978b7c-d15f-4237-ab6f-3a45e8b009fe","JHU_LM2_Se7536_Glyco_9.raw","JHU_LM2_Se7536_Glyco_9.raw","CPTAC PDAC Proteins in Serum - Glycoproteome","CPTAC PDAC Proteins in Serum - Glycoproteome","PDC000527","1","59a4929d-f5fe-48ae-bd22-7bb6824408a5","CPTAC3-Other","Raw Mass Spectra","Proprietary","Open","1011152130","73dbde814fd1ab5505a4fab8e110e9cd","Yes","https://d3iwtkuvwz4jtf.cloudfront.net/raw-files/124/226/JHU_LM2_Se7536_Glyco_9.raw?Expires=1733934217&Key-Pair-Id=APKAIXDMVIARW22I7ILQ&Signature=UJg69kc7DzF6pyIty-cH~e9NkeHnimnpIOiS84w1IAaIZKsjMvsT5IDxHqL4tjNGaXyUAJH6SKL6lSDBlBwRM2d0nBQs1W3IGseb1vblvMS7gQRsIOIgJ7-cW0py4nvnsBbborN1aBTzk0SIjcXQUljPL3VDEzkrlB~V9~wheLTKK7j2-ITbe1IwyKXpaZ9HeYSmgKPff8j~ZqR5iNGRS0mfXiCy~gLqfUKQ4Q24uKfPNRzOo4AwwI143uiD8LyepxxmIHNJC1HVbKYF94l21MpGsvDIwIWV9uzrUny-v7110NksubYgovnIryfOulE~pu8IeNk0unNc-pLfFenpaA__"
"aa6f2c0e-02d9-45b8-a6d4-81fc2e57d41d","JHU_LM2_8903_15_G.raw","JHU_LM2_8903_15_G.raw","CPTAC PDAC Proteins in Serum - Glycoproteome","CPTAC PDAC Proteins in Serum - Glycoproteome","PDC000527","1","59a4929d-f5fe-48ae-bd22-7bb6824408a5","CPTAC3-Other","Raw Mass Spectra","Proprietary","Open","936891133","81d331c8538ae30193abdd289512f843","Yes","https://d3iwtkuvwz4jtf.cloudfront.net/raw-files/124/226/JHU_LM2_8903_15_G.raw?Expires=1733934217&Key-Pair-Id=APKAIXDMVIARW22I7ILQ&Signature=fvpH7iNNPX2pjK~PL9DNmm9mUPF-bEG9XqD2jY~fADfpVcPIi9SWO688pLRUrn4mgHsvXQeX8-WNatwxempBFFEOgP2m6ohq4Du8BhOtr5q~IFjDtEju5AtXUnfk-Bt-9LgMeDxNm7Xmtms3YObTZLC3gg1NGWGOPElKnKpFhxJcNMJsNzkqTySpMZssdmroS4js-s7etP9qqbW6n3f5CRsPkwo-SAb4PXLH8tIQ0tRqA82avtFZYkP7L~Y0Unb8DIKA5N8ybqSw1ukqyai3kZLaKIIHyijwR-D7H5YE14h149FtdtPxTEH24d0Lb42~~m84TeXaE5fI2rpwxzWHlw__"
"aabb8b3a-6235-4623-a93a-235e0fa4627e","JHU_LM2_4210_77_G.raw","JHU_LM2_4210_77_G.raw","CPTAC PDAC Proteins in Serum - Glycoproteome","CPTAC PDAC Proteins in Serum - Glycoproteome","PDC000527","1","59a4929d-f5fe-48ae-bd22-7bb6824408a5","CPTAC3-Other","Raw Mass Spectra","Proprietary","Open","1044391459","f6a7ebbef646907a4c0fd61a4be0456a","Yes","https://d3iwtkuvwz4jtf.cloudfront.net/raw-files/124/226/JHU_LM2_4210_77_G.raw?Expires=1733934217&Key-Pair-Id=APKAIXDMVIARW22I7ILQ&Signature=Xk9SXwreiZiVzCRlRoDBmDVob3pZq3Z2~Ozp8QDsX1u2H20dwkzGKwewPGRdyqkFxVL9rAZ93ftb0i4Q-6SH~KVgqcj~mnuhPlfnfQeF4SqAxqLp6A7g~KEdviPcJfrMXm41xRjOj8J0uvm9NsPNp~OfWcDfEZVGReK46Ry5D9L02I39f-NNhAB3Y3o-TiTMCEL5HpX1KFjETxj-XGnhohugeZw6cTsGZEliMjkeA8gGRDNCM5vYbJTP3sKy9pokheBorLi9KJcYCUVQ8GaKjgWFpmiFC2A7bRyMlvgT~gHUK3olBUod6976475C3VEf0GUB8m4rsmnVAutGZhAbmQ__"
"abeb9c6c-f80f-48f5-af49-1eb1ee38e1e7","JHU_LM2_8770_33_G.raw","JHU_LM2_8770_33_G.raw","CPTAC PDAC Proteins in Serum - Glycoproteome","CPTAC PDAC Proteins in Serum - Glycoproteome","PDC000527","1","59a4929d-f5fe-48ae-bd22-7bb6824408a5","CPTAC3-Other","Raw Mass Spectra","Proprietary","Open","1001665378","7e22d8db0df8a191ec3f81a1dd1f7fee","Yes","https://d3iwtkuvwz4jtf.cloudfront.net/raw-files/124/226/JHU_LM2_8770_33_G.raw?Expires=1733934217&Key-Pair-Id=APKAIXDMVIARW22I7ILQ&Signature=QBEiO2Uf9V4jzsnpxS7opQtJIsDTM1vJCNuSS~ZiEljjuEfvf8uDADbKwQOhGUSs3a0HXfQfu4bGoVbwrNugGMokCFrjfbHy9XPK1DM-LwfXrmjSQo6R19jARaugvcY8d4Rkos8mL5AFBgcETQols4Y26RwhmINqpzfZ1A0JXTXjP3mWfv9EE891doo6jVQwOhD~ON2rucfplBZU8v~hjKKZTSFti4MkgUJMtfQhY8drKQo9WKgiEk5eynZn0JDs2laImP59DWYIEyl6nE~S41oOKpHwTKaWpmjq70Xv37QsvCaTkE~JXoBR741sbwthgex-UJS7SEx2qL5L8HUEIg__"
"ac248580-a54a-4386-94a7-a40febf7e230","JHU_LM2_8601_49_G.raw","JHU_LM2_8601_49_G.raw","CPTAC PDAC Proteins in Serum - Glycoproteome","CPTAC PDAC Proteins in Serum - Glycoproteome","PDC000527","1","59a4929d-f5fe-48ae-bd22-7bb6824408a5","CPTAC3-Other","Raw Mass Spectra","Proprietary","Open","1164567202","0e6767cf20b7c2124a59356d468dcbf6","Yes","https://d3iwtkuvwz4jtf.cloudfront.net/raw-files/124/226/JHU_LM2_8601_49_G.raw?Expires=1733934217&Key-Pair-Id=APKAIXDMVIARW22I7ILQ&Signature=cyQwkFy0iXiKF2OAGfSC3MWwv5hZyFOxbuUIR8~7a2hg~mOTEde4TjKVoc9r3HI0uzqO3zMV~9LKY1JlhNvrhB-MoV4lQlPNoDqtDHPQ8gL-JXA0CcSDoiEQ6pDi-rbo~ZE-GkSlASEWH7H21wLyOhud1ltn~1rTF2qCagEVGzXQCvRzqlr-1bUUDoRHCl2yfbMO2harPdiR6003Mapzr0Xe49RYqK2aRHC5KH9hHUkE1YDsV-N4vyjql0b7eHuX~sGDT5Pz79RfoMjWFTj0J1Ji~FsyZefdHqmwYWZsun2Ey2OvTXoh0Az60dp2tlETheDRV-b0lOFzJ2Km7Dn~UA__"
"acc5d612-fa57-4b6f-adcd-d0bb9c47722f","JHU_LM2_8696_37_G.raw","JHU_LM2_8696_37_G.raw","CPTAC PDAC Proteins in Serum - Glycoproteome","CPTAC PDAC Proteins in Serum - Glycoproteome","PDC000527","1","59a4929d-f5fe-48ae-bd22-7bb6824408a5","CPTAC3-Other","Raw Mass Spectra","Proprietary","Open","984439567","ff62940b6457977c65613609c78f99cf","Yes","https://d3iwtkuvwz4jtf.cloudfront.net/raw-files/124/226/JHU_LM2_8696_37_G.raw?Expires=1733934217&Key-Pair-Id=APKAIXDMVIARW22I7ILQ&Signature=G-FYSUEG4xy5AsP1EpiynoLbPI8BGX1wWHH55sG~TK39jg~3zWYd3LcuxzU5WmSiX68RLC69hc-wIb6xwFyDXhODMK6A5b1jMdQbe7gH7zACOrHPK6kig0pPqVIFw8DK9b0ogvcH7AHEceG0GDXCrDGPNLV4t7wS9KytyShh6TnuB~~BjBYMr5x7fOOMMYtJN0L2VX09NHg8XGI7jkIGvQKqCqvkuKbE~Br871zzHuQXEsm58hvDGtxAN4BxdOKayJEhm2IAVSVMyD81rPiQmoYoFhrEkZyD62B4VcqlXdloWDjfeqw4v6jB~bHuO8CfyL4gBnYxt61sk6ZBVfmJ0Q__"
"ba1408a7-b500-46d7-bf5f-3d4491e6d325","JHU_LM2_8790_32_G.raw","JHU_LM2_8790_32_G.raw","CPTAC PDAC Proteins in Serum - Glycoproteome","CPTAC PDAC Proteins in Serum - Glycoproteome","PDC000527","1","59a4929d-f5fe-48ae-bd22-7bb6824408a5","CPTAC3-Other","Raw Mass Spectra","Proprietary","Open","988727336","8c6a13bbf06fd506a264b7a331f137ec","Yes","https://d3iwtkuvwz4jtf.cloudfront.net/raw-files/124/226/JHU_LM2_8790_32_G.raw?Expires=1733934217&Key-Pair-Id=APKAIXDMVIARW22I7ILQ&Signature=McQmr168G4uLD4XquwIICDgylFfCLMCwsZ2BcKxiBEYGqIDsb8BlJIOmHCp7NvJWJlDnSf3HCyX3js~8eXDw5m8NnBJxDF739VfoILodzO1ePwPhA2RTUVk-znXLvesgJdaJPBVtSO2eRivFUK1SOu7eLxE7GBA96m37nc0mIPJ2GOu-C2hSsNNghhMk0PY7Vk0HOVL~K7XIuU6jmf9xalhzIBavjlmSJF62au~nE~im3TwNs59uwnqcoGoO2zmUmkUJdK6yqh0nai87uSdVteRT2GF3JtMPf2-ZgI4jRU2S2BAVQkw83GGbMmeRZr~POkIPiwfbWp67BC67iP09bg__"
"bbd113c0-f298-4f79-b83b-7e293410148a","JHU_LM2_3736_109_G.raw","JHU_LM2_3736_109_G.raw","CPTAC PDAC Proteins in Serum - Glycoproteome","CPTAC PDAC Proteins in Serum - Glycoproteome","PDC000527","1","59a4929d-f5fe-48ae-bd22-7bb6824408a5","CPTAC3-Other","Raw Mass Spectra","Proprietary","Open","956405010","9f5f30ee9b967060f1e54df3e751750e","Yes","https://d3iwtkuvwz4jtf.cloudfront.net/raw-files/124/226/JHU_LM2_3736_109_G.raw?Expires=1733934217&Key-Pair-Id=APKAIXDMVIARW22I7ILQ&Signature=fdlysv9RNoVD8aOkeRn6QqQ0aCP5gkgBGHe0iac3JKn-V5WJNdl9AvHFPiSuUSUPYBkfO3XpXwwYaH~q9wXJD9Lvhf6rmDOUwuJwgbvqrMHNK7rojQlkNwp1JYqEujmg~I70mCYHGCOVTZHPpmAGOeYiXqsA672wp~u6BWE5ehFUmFWBIiyhMf0oZ5MCYwn-SH67nqk5xi~gOu6MzEKSdVtnQKimUmjF8JZ2zqb6PPExODwksj40LA1CwXoDAJHXs0Axe5XZo8RndbGoT76eEowQnQi70DytQVn5aieOrg6FoITB7aSrzhi4NSfM2EJyIpDNwzN5PZ47fa7xXVYPSw__"
"bfc72e6a-6169-409d-88b4-19480fb010e1","JHU_LM2_8936_6_G.raw","JHU_LM2_8936_6_G.raw","CPTAC PDAC Proteins in Serum - Glycoproteome","CPTAC PDAC Proteins in Serum - Glycoproteome","PDC000527","1","59a4929d-f5fe-48ae-bd22-7bb6824408a5","CPTAC3-Other","Raw Mass Spectra","Proprietary","Open","950293462","8097e19082d37b60848ac8f1f7d92c50","Yes","https://d3iwtkuvwz4jtf.cloudfront.net/raw-files/124/226/JHU_LM2_8936_6_G.raw?Expires=1733934217&Key-Pair-Id=APKAIXDMVIARW22I7ILQ&Signature=DppT1-~I92xLLR0zW7COxOoHAkGz-p2f8D60lyawX5yiPGp8YX3XHaS4b0itdbcUsoPQu0ifDYTOGnjNK02M6eLSTmNpjyr079GfEP0Rbto1qsZ4NLmu91Jzu8IIQT0WY07XJQZvg2NibWhsaZ4ZiCeF8EqAMjRhpkh9ocp8cIot6ETVfXVx2HjJm7qH0NH0j-WjyJW8-3-vrTzMPji1GaHG2c12VvGLHquqoWEIZAtfPqLiu4HkfnKDfP7qJy5esrt~yrX3vBNqdWhd45u5peGzWEDF4Ji6av7rV~D7nC8Nt34~eQZax4JarP0DHsdBDjZ~O-sMZDMzUoqqvbuVhg__"
"c0998565-538a-463d-b321-6edd59401869","JHU_LM2_8764_29_G.raw","JHU_LM2_8764_29_G.raw","CPTAC PDAC Proteins in Serum - Glycoproteome","CPTAC PDAC Proteins in Serum - Glycoproteome","PDC000527","1","59a4929d-f5fe-48ae-bd22-7bb6824408a5","CPTAC3-Other","Raw Mass Spectra","Proprietary","Open","936788489","9d87ed793083168efbf738e0a651a98e","Yes","https://d3iwtkuvwz4jtf.cloudfront.net/raw-files/124/226/JHU_LM2_8764_29_G.raw?Expires=1733934217&Key-Pair-Id=APKAIXDMVIARW22I7ILQ&Signature=AliPQTPafBvXmWZJoOJ5J5bIVGAPFRtyzh2DcoHWO6X4V44CclinDbYWdka-kQuFrLxP5WQc8rV7LY5rGh6efE0JymbAN~971M89dWSzXF8i~XDqgJuIGBw58MDX7ZCU5Xp4FnrAxU4BMZ2LtTlSeLfm3KUWuSrH~0klbuJ643FMwOEGJTsuNT75hpE50Gk7fUd-6oL5BsuprFgFYNgCD8odMH74IvJoFPZyvH0--YZjKSsq~Y6GaKWAlGaPMpp8eL~krVZw-IGXMMhESxLJpqhOlJkf6CGvxEbFvpxzQdNJVaPP0b~dLU8D1mPHYIz1afk4S6e0J5kPC4HpaQjfNw__"
"c2c8f47d-748a-4efb-ac87-15581d3fc9d3","JHU_LM2_8935_8_G.raw","JHU_LM2_8935_8_G.raw","CPTAC PDAC Proteins in Serum - Glycoproteome","CPTAC PDAC Proteins in Serum - Glycoproteome","PDC000527","1","59a4929d-f5fe-48ae-bd22-7bb6824408a5","CPTAC3-Other","Raw Mass Spectra","Proprietary","Open","889566119","e5eb45a91e2841a15c0abcabd4ee8b81","Yes","https://d3iwtkuvwz4jtf.cloudfront.net/raw-files/124/226/JHU_LM2_8935_8_G.raw?Expires=1733934217&Key-Pair-Id=APKAIXDMVIARW22I7ILQ&Signature=OOaKrKhGXORovEWrYl-yB7aCDz8ooHU18FGAT89Tbnn7BZeVEekBPuANFJiXbGHy5apwPdKRAoPzR~Acrq5NaiuN2RBjb4ZJMIgaBNFDYSLzhhZmDCtXIMpRV4g9XOYt8qqkWRQfP6vrS7bgcs4i~eSAPTc514L24I4NmM5sO2SYPKxHj-XDfeuqh1VOG6KtPv~ZkF5wqx1ieQhysuUkWZ8kQEQcEeY1Dppz3gnoBnIBbBdGOf4VhMQqSTGOnFw2u3-49ySgxEbHv24nTsbbuGzpQZB4vnNyCwEwKplhb6JsCQGT1dFNW6ZVREceIV5qBU9hHN-6SWxp6RTRSFwaHA__"
"c300dad4-5abb-438e-8309-1c1b36dc3b8d","JHU_LM2_30630_97_G.raw","JHU_LM2_30630_97_G.raw","CPTAC PDAC Proteins in Serum - Glycoproteome","CPTAC PDAC Proteins in Serum - Glycoproteome","PDC000527","1","59a4929d-f5fe-48ae-bd22-7bb6824408a5","CPTAC3-Other","Raw Mass Spectra","Proprietary","Open","990685459","9c13a197e80e85d923959a631fc543ae","Yes","https://d3iwtkuvwz4jtf.cloudfront.net/raw-files/124/226/JHU_LM2_30630_97_G.raw?Expires=1733934217&Key-Pair-Id=APKAIXDMVIARW22I7ILQ&Signature=Joe0NOwECxrhBE35e3u1d~ghSXPXaazfsRat0vJRqsaIaRLM3aYabQpmU1qnAa58v0QRsc1b8jmbUuA1BmP-FBGLvZRc9ZvNwOyZrdc-New3qAxKVIAwozRY~V2qZ2HOflkYgIo994Vi86pO1FjEp-16TL-IQywyhUrfs3FYQqPIMQuW3tiaf5VBNGkNbMH~3ACb2h5-Z3TEIMr-tCmLEMtNPnZlroCATplDbHRq5pzlMWKlwsIseq3aj~AUhAJyPPUEdgW6nSAz5A7upCikPlKDNsIy0ISjWp1ZhpZ7dHSjFaz8kwwIESOqwbrBldoEf0pN7J8BS0lEu~4oXP8zpw__"
"c3e57289-1796-4958-b392-b422039e8bb9","JHU_LM2_Se8829_Glyco_5.raw","JHU_LM2_Se8829_Glyco_5.raw","CPTAC PDAC Proteins in Serum - Glycoproteome","CPTAC PDAC Proteins in Serum - Glycoproteome","PDC000527","1","59a4929d-f5fe-48ae-bd22-7bb6824408a5","CPTAC3-Other","Raw Mass Spectra","Proprietary","Open","1027085137","a1783ffdca8458ab650d2a0e9042db00","Yes","https://d3iwtkuvwz4jtf.cloudfront.net/raw-files/124/226/JHU_LM2_Se8829_Glyco_5.raw?Expires=1733934217&Key-Pair-Id=APKAIXDMVIARW22I7ILQ&Signature=J7M0IP-sB~35zbShK7-PqN1WBepZZIo1TOmNmwI0YrQT410HEIfmFRTdk8paiLAJpXf-T2u7OxAIRKlNy3Fci-1~MqcVOqVOAudOKFHBO9FW9f083TtrG7VGtlevzVKOCi3ULrdPFelXrLgedtoRNHnOIBhc3uKEMypyOI96W-MRynM8T4Ts94aKCzA-pBtVqnf1vXUKuy40fy~yq~C78zsii-bOBy5FafFi4Yzi90NG0wQj6Lz2X9gsVTu0ofRLDHMC-jW4DgaRKkorEiwcptgx1yJhRFwR~ygpZhCNEdpkTuilHLkZeqCRXqB~yyUrztP8IBB6RGIH5wYJWJMATQ__"
"c4de1d32-f02a-4c99-b9b7-d7910314e6d6","JHU_LM2_8926_7_G.raw","JHU_LM2_8926_7_G.raw","CPTAC PDAC Proteins in Serum - Glycoproteome","CPTAC PDAC Proteins in Serum - Glycoproteome","PDC000527","1","59a4929d-f5fe-48ae-bd22-7bb6824408a5","CPTAC3-Other","Raw Mass Spectra","Proprietary","Open","938758893","7fb7f10e9552d846878a2972148f32ad","Yes","https://d3iwtkuvwz4jtf.cloudfront.net/raw-files/124/226/JHU_LM2_8926_7_G.raw?Expires=1733934217&Key-Pair-Id=APKAIXDMVIARW22I7ILQ&Signature=EAW1CDcRDFZYKHkuG3Qeg4im3toMJbb~d5oT~NJ7Pob11WvxfVxhbIRDgeDP93-8owH~HM3Ts0eCG9b2BsKFcWkEtPzXoIXTWcpzN~gERscjHb9N1o1h4uWNaPt~AZ~p9uz2U1Vkmg17vG81iK4l2-1jyDNs5LwuyMMuXgRprheK1iTM9JvpBbjqOYDqkwGKBGL1Buji6TJc7sl2tGBluR59rXjH0sIfxfCvznvB9g-StWNmGfgCpA95VClyu4Rmm1A194js2XLGmm2glVnZAK8~dAAPmTwOLicU2oWPQ4ob-JaKqf72MCDC~njVSiJBUk75iexaAdXDNjVUaXzfgw__"
"c716fd7f-ebdf-47eb-b7a3-fa4f5038023b","JHU_LM2_S5206_Glyco_2.raw","JHU_LM2_S5206_Glyco_2.raw","CPTAC PDAC Proteins in Serum - Glycoproteome","CPTAC PDAC Proteins in Serum - Glycoproteome","PDC000527","1","59a4929d-f5fe-48ae-bd22-7bb6824408a5","CPTAC3-Other","Raw Mass Spectra","Proprietary","Open","930144273","058aa514421e15c3f8e60c2284b3a68b","Yes","https://d3iwtkuvwz4jtf.cloudfront.net/raw-files/124/226/JHU_LM2_S5206_Glyco_2.raw?Expires=1733934217&Key-Pair-Id=APKAIXDMVIARW22I7ILQ&Signature=hYbIPe41aL5oBgHYninlfP9ieVHL2EkYid1Udp~34hh76mMEtXilb6mzhLK24DrXY4D8fYrVdFjOqWmdaPMqOAK8bdxRjUo9FKiigBTtkNr47abBX6yqLDwzkWbAhpPGsKXU2UjHF-Iee~SI1c02OyeBAc~z76xh3-KIwzq-ho6jUXqKMmgj2nMK~poN9wv2~0b4JYWzmt~vA3cu3e78FWyPcZPEcjAQnMc37eDmmQ~yO~X8xNMHez5Ha5XLMJoJ8yTZ95XTDQ41US3lxr3aqPaYYtNkhjDIY-Ub6TZXBkmRNl~5N21Gc-ZVQ~5foqKuT1zNcl1zZkCNvVPJlBG6Zw__"
"c838208b-52cc-4e25-9c9e-907b8c7e9afd","JHU_LM2_8620_48_G.raw","JHU_LM2_8620_48_G.raw","CPTAC PDAC Proteins in Serum - Glycoproteome","CPTAC PDAC Proteins in Serum - Glycoproteome","PDC000527","1","59a4929d-f5fe-48ae-bd22-7bb6824408a5","CPTAC3-Other","Raw Mass Spectra","Proprietary","Open","1091914811","24ce47179cfb8f50f8397b576e98e8d3","Yes","https://d3iwtkuvwz4jtf.cloudfront.net/raw-files/124/226/JHU_LM2_8620_48_G.raw?Expires=1733934217&Key-Pair-Id=APKAIXDMVIARW22I7ILQ&Signature=IsJ3hwQSoBThk-uqZgBppI8h7n0UjE6W2CnsjhrkxNAKpwM1Sw2tiIC6bP8QHNdMjVVeSfs-RTMwhKeyqt-v1c7TuRWW9G9nsG74mjrBEG1K6TkdzMX3MxOHQfjgZr7lTimzdJNDRSO9z3C1ek1bea4wLGZsBV2Okk8xNNPBfkM3S98rvFEQ0qFgYzR6kLxG2i8lQRm3ubNSI8dnDzlpg1DaijUBIoXAgG2z1L4W2-ki8dVQhPoXJ27zdc9UX62QHuUHZiMs8dW7mi9aPyh1VUBJzl0xwRufzY~Ed2qHKMAsn-1YB3IKQRMuW4CEvLmz51dX9ABz4yByCYPaJWuHQA__"
"c9b910b6-a3ec-4ad7-b5ef-86ccaad7219f","JHU_LM2_2436_106_G.raw","JHU_LM2_2436_106_G.raw","CPTAC PDAC Proteins in Serum - Glycoproteome","CPTAC PDAC Proteins in Serum - Glycoproteome","PDC000527","1","59a4929d-f5fe-48ae-bd22-7bb6824408a5","CPTAC3-Other","Raw Mass Spectra","Proprietary","Open","974956911","1a1a8d10c161d28d5a911987656399a9","Yes","https://d3iwtkuvwz4jtf.cloudfront.net/raw-files/124/226/JHU_LM2_2436_106_G.raw?Expires=1733934217&Key-Pair-Id=APKAIXDMVIARW22I7ILQ&Signature=YM-wXKqClljy6PO3SVhKFJSh53x7xNMQkw1gAXYUoO5uDpM73XCy7CridXY~M66XbTLhaAO3R9Dk-mdku91TYZVfKPsyqY~wvOLC0la28poSDnRSPcR3Oo~~Gmzi~lFl04AzeY50xScMygKWl6tSWMw8Fy9IGzd5glpA1kN~YwGBzdbEzgAeKx-yev8WKjxpxXXwogonBJCwjS9hvsfL4DslTCzss9xPZGfwRFNS-~N8CPO11D1xrqubth9kbxfoZrzR~Y0Lui6v6p1nDdt2E7jefTpdTeD0F8oofXmLOTVi-Gv~hxawq-yTWhNi5MD4z1Cs9u-y3TXE-lLPrdyFCw__"
"ca6c0a30-f634-48ad-967e-67cc5629fd79","JHU_LM2_31614_100_G.raw","JHU_LM2_31614_100_G.raw","CPTAC PDAC Proteins in Serum - Glycoproteome","CPTAC PDAC Proteins in Serum - Glycoproteome","PDC000527","1","59a4929d-f5fe-48ae-bd22-7bb6824408a5","CPTAC3-Other","Raw Mass Spectra","Proprietary","Open","950558407","e71d18d712b65f8d10c3aebaa6a65774","Yes","https://d3iwtkuvwz4jtf.cloudfront.net/raw-files/124/226/JHU_LM2_31614_100_G.raw?Expires=1733934217&Key-Pair-Id=APKAIXDMVIARW22I7ILQ&Signature=JATb7aKU~tHrmJG9t91aVypbubZ1Ad2JZAp5gxMR1pX1qSi~jPzCclVyJKGNEKRutZLZrBPout4E1Gulj2O~m6547Eq9e6cOdQeScvrVa1KIvhg75wzwcSjdANeprwS01LDR4R3II~Pk4PoJyDZ0SxIpSwSmJ0ZZTvFXx0Ev25fluW4jGQiUCeT7eQD6R~mhB8IQSZ-e-U3F4c9S1Mf~nOuPBnMkLhU8xpErS3udnx~86aMYKhRmTy8qIJGxhZcZdSbKgWwwiGQ0jdqukavy5NAe8DI6vU7ab3ZQE0y8dRcRAO~IPvOAA4B65FlPwJluBqRIZBr6XfTo9GmsQWDJng__"
"ca713d6b-8296-4a15-8421-7628042a4fcf","JHU_LM2_20010_75_G.raw","JHU_LM2_20010_75_G.raw","CPTAC PDAC Proteins in Serum - Glycoproteome","CPTAC PDAC Proteins in Serum - Glycoproteome","PDC000527","1","59a4929d-f5fe-48ae-bd22-7bb6824408a5","CPTAC3-Other","Raw Mass Spectra","Proprietary","Open","977473936","a8f391efc589b1e7eb35627873fb970f","Yes","https://d3iwtkuvwz4jtf.cloudfront.net/raw-files/124/226/JHU_LM2_20010_75_G.raw?Expires=1733934217&Key-Pair-Id=APKAIXDMVIARW22I7ILQ&Signature=esU6vC70Jx3eF8eykQW32EKXU9YbBDTIFHoUzEbikRG2nSAhbkXRT0lPBs4341-CC61DsvmhGOW6o8CWfnWOw~sLdAKoK60cfgKqt4fba3uVIM1yb768tEB6csTte-eMsDHHo9UuQfUCxjKbT1k~F0NTYG4dmjUMIVGuSn8KsQyi36EiQ0c3Zq4fNbG7aP1iQmPdN16ZKBneyvMR01dWabsgjLL6gPeiRMstjZPTXzZFK6R1A43un8~PGEdxR~OOR2cMGIqKEdvpgebWzthBb1plRw4hH3CE2n25xmB9qIOej-zYf6dnstJbtR6i4K7nVE7mKAB6Aa2zj3swpvm2Bw__"
"ce04dff4-bf44-4c33-8d15-4ff29bf25381","JHU_LM2_8882_17_G.raw","JHU_LM2_8882_17_G.raw","CPTAC PDAC Proteins in Serum - Glycoproteome","CPTAC PDAC Proteins in Serum - Glycoproteome","PDC000527","1","59a4929d-f5fe-48ae-bd22-7bb6824408a5","CPTAC3-Other","Raw Mass Spectra","Proprietary","Open","1009842121","ce42eacddc47be7b29d4f92550760548","Yes","https://d3iwtkuvwz4jtf.cloudfront.net/raw-files/124/226/JHU_LM2_8882_17_G.raw?Expires=1733934217&Key-Pair-Id=APKAIXDMVIARW22I7ILQ&Signature=CwLoJd2-G0vb6-FkdxSFSr0UV6J3fdETKJOLk~3tvYQ8DZRPeZSlU0HOWolT6MUIpu2QXfOeatvcLGXC9-QglKDSUVn9l9y0S8cZPFKeP-qYa74Rzn7jiw5Q-i4dQVl-1nUEDp2Q~cKrQYZvl9Ta9obqDHA~kMWnCfng8xcxmactpdlP8pGTUFFnpNV7IAeu2bh9aCAqRVDU9PG65zTWXqZSUfggjlKctyrcQ06Li2ztjcp4ExEdx7hrqPCScAr1GwP68gIMXma27wUCaLvcmyHYLvITG3McMWBBiWP4izwY0XstessFOI5tiR7HEoOdPI~LLF-ttg8LsYsubIaraQ__"
"cf58ca56-3c89-4db3-a804-c9a16d6f8e80","JHU_LM2_8722_82_G.raw","JHU_LM2_8722_82_G.raw","CPTAC PDAC Proteins in Serum - Glycoproteome","CPTAC PDAC Proteins in Serum - Glycoproteome","PDC000527","1","59a4929d-f5fe-48ae-bd22-7bb6824408a5","CPTAC3-Other","Raw Mass Spectra","Proprietary","Open","917319762","6e41c6c63ae0122296da30ea318fa279","Yes","https://d3iwtkuvwz4jtf.cloudfront.net/raw-files/124/226/JHU_LM2_8722_82_G.raw?Expires=1733934217&Key-Pair-Id=APKAIXDMVIARW22I7ILQ&Signature=ah8nCUInBmX56cTSBmtyw8UlXRwJ2CrkwbomZn4Q~6vhJB88Zsh4dtTjfCiEWV9XJA-yj05iliaoJmD-IeMurandq4ukqt9L3211uJXsNHBW1GcCmw6UXx5liTXEMagWyK2qJYL0tsSQSxSt~k~BqEhvvqdh1kHc~~TS~Es1tgQ7ZuESGozwexx8~ztb6oz5DHoKNHNr30In7FVFdD3-BIynO6It-0Z9zXmRjgq7SzP~8fDmDs4tlldg4wCV42i4YZQP8GQZ73MZGpuYoEVUNLPsT0iJuNXcz2up9B~5JYna8Ytya4yqGr4SPXRHTkoMBKBq9lqqcnIUeaeA7fY2og__"
"d5ecf8a3-5c95-4ee4-a5af-57a92e3fdbb9","JHU_LM2_31646_71_G.raw","JHU_LM2_31646_71_G.raw","CPTAC PDAC Proteins in Serum - Glycoproteome","CPTAC PDAC Proteins in Serum - Glycoproteome","PDC000527","1","59a4929d-f5fe-48ae-bd22-7bb6824408a5","CPTAC3-Other","Raw Mass Spectra","Proprietary","Open","933404918","5d2e260d750bd88d82b833209477c256","Yes","https://d3iwtkuvwz4jtf.cloudfront.net/raw-files/124/226/JHU_LM2_31646_71_G.raw?Expires=1733934217&Key-Pair-Id=APKAIXDMVIARW22I7ILQ&Signature=AFRGvLcyddvyOon0JG~FK5hlFDu~ZuKxU62Oeb4~eZuJxo~h0RXPHX9LTeGrpPzsENyVNhtAxGC6vy~aosVT47WAjKksy05QOasEISnFVxi62fKDlAb43Su9LswV-mNzFUumkY~zd3Z3neCMpjI4fWkinBJzobZ3qpATOqtXiMJSpPU4RPE-eh7T~fa45mTaC~h-EtWFjSaAMYekMKOLehkWJO4wRzZL1-qN~my8lSru-9nNuTZK3dP-aqpVvkLoem9ci6-tzDfVAFxl9oTdwpbiMtz5eu~3vvc6GQXd0Lh8FaKEh~aOnZ0MNkA-ym4YLrJYegYejJY~tSAxRTZOfg__"
"d6288059-c618-47cd-83e4-978174f62931","JHU_LM2_6966_57_G.raw","JHU_LM2_6966_57_G.raw","CPTAC PDAC Proteins in Serum - Glycoproteome","CPTAC PDAC Proteins in Serum - Glycoproteome","PDC000527","1","59a4929d-f5fe-48ae-bd22-7bb6824408a5","CPTAC3-Other","Raw Mass Spectra","Proprietary","Open","1098148380","01b1d0a4c7aded88c9061a9d53b27a86","Yes","https://d3iwtkuvwz4jtf.cloudfront.net/raw-files/124/226/JHU_LM2_6966_57_G.raw?Expires=1733934217&Key-Pair-Id=APKAIXDMVIARW22I7ILQ&Signature=gMocrNm23jytvfZ3Sm9BpJMO25bYXxkpvWkAM7cx3lfEsxVq2mBoYi8lfOStdVLsnxaLBRrU0uSZs5GOQ4Gtb3c4JfX5NN-f7V8tXmG2A~ksD-GHGOpah5HpGytnaVJmvS1uCp6A8Idww9qyma068esM36KUeR4TS5-1zs-WIvr27fCXwe94-YbxgmO4GGQ-KfUfr6GL2ozV0tpI5IWApomn5o729xdOanKK5GxKJkem~tdwq4ILd6mrcOaBNFo4pRJ1i8~~RQNbKbUW6Thik7VvLw~IYZ0EslXy4Gcz7OvdLWs4kg4RXAEyDSFcA1bwgveH1h6AOsbK01GjxK6QcQ__"
"d79b3665-ce30-4b24-be45-3c13ca4e8a85","JHU_LM2_8667_61_G.raw","JHU_LM2_8667_61_G.raw","CPTAC PDAC Proteins in Serum - Glycoproteome","CPTAC PDAC Proteins in Serum - Glycoproteome","PDC000527","1","59a4929d-f5fe-48ae-bd22-7bb6824408a5","CPTAC3-Other","Raw Mass Spectra","Proprietary","Open","939371174","b8af59a726971e9e657f0cff737a64e3","Yes","https://d3iwtkuvwz4jtf.cloudfront.net/raw-files/124/226/JHU_LM2_8667_61_G.raw?Expires=1733934217&Key-Pair-Id=APKAIXDMVIARW22I7ILQ&Signature=aphwbKEw4f6sOepQLHnzCJ8J7kMaltJwZUPPFg8HsCchO7fWgyxlBOGZ2kIOQ8vKxAQG5syUSt6JT85--XxDUyCN1KlX1hQLKUKtn5QwEsyrJFSPyUwoGWH0eqgAKdU~czimD~Rk8NL-B3JW-mQVadsUDQP3p80Vh1kJD63de0xRfhFc54rUKYtkD5K6y9LBD9uwcnQuTBUkQyU4rdgZ0qWOYcOKJEUWSGOJH-zSwYTW9xyUTgu4SWlE4LBSaOANXD~~Xg7Cw~pEtlr02YeZCittXCUMp8MCuNL-8PN8mFozYE9scx60~~1uxKFbEA2YVIj74bpcqYWkcX9aHbjtWA__"
"d8dd8412-8753-4aca-a0af-43a6cebd9ea2","JHU_LM2_8942_4_G.raw","JHU_LM2_8942_4_G.raw","CPTAC PDAC Proteins in Serum - Glycoproteome","CPTAC PDAC Proteins in Serum - Glycoproteome","PDC000527","1","59a4929d-f5fe-48ae-bd22-7bb6824408a5","CPTAC3-Other","Raw Mass Spectra","Proprietary","Open","936095533","e6416c14978236b9f8e629c07e65105c","Yes","https://d3iwtkuvwz4jtf.cloudfront.net/raw-files/124/226/JHU_LM2_8942_4_G.raw?Expires=1733934217&Key-Pair-Id=APKAIXDMVIARW22I7ILQ&Signature=Zvhke5vHYci2XOXmMwa1bo4EsH9Uh0PGYvycUgmAUjoHgLhP4xeJ1h4aEtufXEBhN4YwxAbnoX8l1bH2TZ9jHAnUDFSqWMXPffHiPgyErh8rM12PMbvUZtnmxAp49eeOoF08yzhwuxpNEr3iC3wl5TVjS0BvnYJEnw7u1p8f1W6IUo5~uEofFn5s6NnSUXLnT3gqJVFz-k3-bX6tAHYgJjBrW1DhN6KC2trBtsTOv2B8oZNg1kPkb9BdhZH9C~j9nrIH38l9OquN-BtvDFJM9NQjc2xNsY5cUnm~Mdg4jgjxCqiHqF5oa-542k-zdCFam2qUGqNRfBPKC4TPW9hPQQ__"
"d938e0a3-4664-400f-845a-dc1764a49eda","JHU_LM2_6639_105_G.raw","JHU_LM2_6639_105_G.raw","CPTAC PDAC Proteins in Serum - Glycoproteome","CPTAC PDAC Proteins in Serum - Glycoproteome","PDC000527","1","59a4929d-f5fe-48ae-bd22-7bb6824408a5","CPTAC3-Other","Raw Mass Spectra","Proprietary","Open","946458326","081a53f815c77b977c41ddd10c8620d8","Yes","https://d3iwtkuvwz4jtf.cloudfront.net/raw-files/124/226/JHU_LM2_6639_105_G.raw?Expires=1733934217&Key-Pair-Id=APKAIXDMVIARW22I7ILQ&Signature=NWgtt1k9dbG0xyokGZ0c4v1ayxhYBEuU~wENol59hJ2zftA7WEIYF5w~XG0wQDX6lQEN6baZZsIvMbI-FMP6yW0MPfo1mFE2DYoJli9PWmm8CYVyz0P9NlS~L-E2dQQdeG~pB4nWKJEG10Cj-7O8rs-ZN1TdhBgNC-t8NAdebrST-fgmq0nHaOqf7B1CUdO4FaXrCTWD7rIxgQRC3sODzq7Wp3TxT-Gfd7LLDcFudxTtL5a8nkhEApD52tLxaDRSp9I1dWg0ZxlKCGU5U7jQAMUbpQKr3ZARQhNk43ASDx7v~yHbNzyLFDySLOzI9-tn3DuYdy59jytMBTOnzbUO9w__"
"d9d381fe-4f2e-4d69-8b1f-b6d48c625f3d","JHU_LM2_8851_27_G.raw","JHU_LM2_8851_27_G.raw","CPTAC PDAC Proteins in Serum - Glycoproteome","CPTAC PDAC Proteins in Serum - Glycoproteome","PDC000527","1","59a4929d-f5fe-48ae-bd22-7bb6824408a5","CPTAC3-Other","Raw Mass Spectra","Proprietary","Open","980018319","bb98fd74d4a633a8597c8fc764a5ee13","Yes","https://d3iwtkuvwz4jtf.cloudfront.net/raw-files/124/226/JHU_LM2_8851_27_G.raw?Expires=1733934217&Key-Pair-Id=APKAIXDMVIARW22I7ILQ&Signature=IsMhgL2rWSzquZuhwGJT8rUwOL-lTzV6Opr9Bz3Xrwswq5olA0GaqzrolWeyzByaY7HNHBC1yi1bbTuc0iFADuoZ~SA1mxzvtYCT10G5xAFEHPl-1OlgxbvLORgJaUW09joiXRWSgwiyF39DAIGvNmCi5mxWeWmZvJr4Yrl9DxQP9VOnA-kUNs-N0rNX24Z9a5WozUFnFM5z1oX1vMKp0iyn2MPVIx3JbeZnJGZ4O2bsbSQ3buYWsPNxj8d56aVxGnXIP3swz9rhH9TF34ctf0ivQIQaiqdaVgsfJa2RE7LP6-tUP3bXO3XiBVlrWpPuvdsLkEhWdXC0WIRmy~A9Bg__"
"dce65de6-9387-48be-9770-2e7e45317bc6","JHU_LM2_20358_79_G.raw","JHU_LM2_20358_79_G.raw","CPTAC PDAC Proteins in Serum - Glycoproteome","CPTAC PDAC Proteins in Serum - Glycoproteome","PDC000527","1","59a4929d-f5fe-48ae-bd22-7bb6824408a5","CPTAC3-Other","Raw Mass Spectra","Proprietary","Open","993136523","e4831098901201eefa1114bebf109ba8","Yes","https://d3iwtkuvwz4jtf.cloudfront.net/raw-files/124/226/JHU_LM2_20358_79_G.raw?Expires=1733934217&Key-Pair-Id=APKAIXDMVIARW22I7ILQ&Signature=CHIP8rlDRsqWvJlLBosPpoCRBaYALEsNglZOuho~JgMLdJUv3RNNRbXBCswll5awyFILOWpLeow-UCymcn1a7MzxMJw8ilgOZn4hfAtUyjWjWaPh~PhXYb5cDvmEVVzHo2oPReMZPlq78sw~8ENnbwNpjGVy5W7Nb4ky-316krdJ3E6SjSPDVY9sdoqy2airu~K8RBZCnG6hMM38eEw~bGuLG5GebCa29~9J8gViyVdf-HD8zj3E8aQrfDzfL1QbU9~gr4GwG4hqC9ueV5bQCuSY~1IMG2nsHeTjVwPf7n69PeTOQW3QrA39K22ojnZ2sJNpECcM1odWMLXnaDb1BA__"
"e0638d55-fc13-41d8-9bc6-4a58650641d0","JHU_LM2_22700_58_G.raw","JHU_LM2_22700_58_G.raw","CPTAC PDAC Proteins in Serum - Glycoproteome","CPTAC PDAC Proteins in Serum - Glycoproteome","PDC000527","1","59a4929d-f5fe-48ae-bd22-7bb6824408a5","CPTAC3-Other","Raw Mass Spectra","Proprietary","Open","1058034258","51bd4231a93a355dada7f918b7dcc2da","Yes","https://d3iwtkuvwz4jtf.cloudfront.net/raw-files/124/226/JHU_LM2_22700_58_G.raw?Expires=1733934217&Key-Pair-Id=APKAIXDMVIARW22I7ILQ&Signature=HcelEjHkaXJOJ0rPZk531TnqmTKquYLrvAz5iFOla~9iR~kxK2lelACAZWrfKql~eu8yBkgoW7saI01ZwITgzpde6z8KNbYmnHScjMCWnUKxLJUkjKDvMPWXd65irk9nTRv~drn~L96-Lu8hlvb3x1V8Zxc~LbsYPYAigXgJziILggyh~SaJjHxC75ZFAqr15AvTn~wBKg9sZVwi5wotYhFa4m2dH6PHHyxcrMYBaL2iGpKAkZkad~iyBK1gfQhesDYyuHle2rdiVuHJdm9ZIpKum5~1e~4WGhqxksTqj1Jj8pz6uMpy2DuLcoGkImAMTLfZwSI1QThjFPkEQkszvQ__"
"eb604641-0c39-4c0d-9cf4-cc0f847ec56c","JHU_LM2_3204_108_G.raw","JHU_LM2_3204_108_G.raw","CPTAC PDAC Proteins in Serum - Glycoproteome","CPTAC PDAC Proteins in Serum - Glycoproteome","PDC000527","1","59a4929d-f5fe-48ae-bd22-7bb6824408a5","CPTAC3-Other","Raw Mass Spectra","Proprietary","Open","922233379","c4de0acb3b592ae4045348e222d31515","Yes","https://d3iwtkuvwz4jtf.cloudfront.net/raw-files/124/226/JHU_LM2_3204_108_G.raw?Expires=1733934217&Key-Pair-Id=APKAIXDMVIARW22I7ILQ&Signature=Pm1kuQXuKea4EdybkfCR4~E5bnEE5hU0CJQpgBEExUcmvNXtGfNFh8cxofNJMOOdwdLGmcjSK5Z3dcCqIz~iBkMGzNuP9DfEKcXotFkp40-klhdhVhenFBRnAjtde0CeFFAdmoY~7ZmZHXLRrE2hdmisMuvFjLCzp7WTGh07zwYsgCvl5tTiiimGhr3UpwTTpaOo1fF4dn-g3qpQZ9ySKlUM-5tCr9Piv5zOnZLh6b48zQsucY6CUmh1WbieCZEa0z4oifmSJhwr8Kng88BomnWmpl4nWh-aWSU6tBwKax6DI-673uvmvSrrkwk2hJzbbkvdsdYs9Ysw7fUcaFxufQ__"
"ed05a6f4-7c5f-4a52-949c-76072345ab94","JHU_LM2_7412_63_G.raw","JHU_LM2_7412_63_G.raw","CPTAC PDAC Proteins in Serum - Glycoproteome","CPTAC PDAC Proteins in Serum - Glycoproteome","PDC000527","1","59a4929d-f5fe-48ae-bd22-7bb6824408a5","CPTAC3-Other","Raw Mass Spectra","Proprietary","Open","1068682919","68288e6cc312f3cbdf11e9a6f4596f54","Yes","https://d3iwtkuvwz4jtf.cloudfront.net/raw-files/124/226/JHU_LM2_7412_63_G.raw?Expires=1733934217&Key-Pair-Id=APKAIXDMVIARW22I7ILQ&Signature=QiVr1UDeIlQtaowqJWHyHjzeZRRxwVsHIT9VUy70XLSRCRXIU7zS6eo4vvmju1EPDyG0bGmWmNsbfkqx~JLzlOtiwzzCMBojZBMJVX8sUzbd75BcZQ8D7bXW-sLkcibRp2hvlbVlYBYL2RUzs5SUjq0TFZ2OH8IpN1nMl76LghE~ox4cO8c-QN5BuqCboYqt9hugQ7d-pOHcUkXxmDYg2Ahl0pGOb46FhE4ZC9BTJbrouTE5tLP5nq6K44y9uFvNHLVxS1QexuOUEvrKFPc1NbYiMh~aur0HSevkzhBYnZzJpe~JhhPnpALS4wQWeSgjqw3IszjUm33HV5BLDsW9NQ__"
"eec0a9f0-a224-47e5-b294-262c71d0b092","JHU_LM2_27618_66_G.raw","JHU_LM2_27618_66_G.raw","CPTAC PDAC Proteins in Serum - Glycoproteome","CPTAC PDAC Proteins in Serum - Glycoproteome","PDC000527","1","59a4929d-f5fe-48ae-bd22-7bb6824408a5","CPTAC3-Other","Raw Mass Spectra","Proprietary","Open","1085154314","67ec49ca25c8c995182a468cbe58abf2","Yes","https://d3iwtkuvwz4jtf.cloudfront.net/raw-files/124/226/JHU_LM2_27618_66_G.raw?Expires=1733934217&Key-Pair-Id=APKAIXDMVIARW22I7ILQ&Signature=g2lmT9gTng6KJmaDVPUoUiKo8dblL4M4R4zFHGCUMhWY7P89VV0tXWIzaqSv5LjmV24ufusoY8xDpZtI70EtZwiw0Vw2OJm4ODV4oOERDlKugza2C3Kg9gSyAlQzAvdWmGwSiyrfCVleQf~XbVvEpFCpmYfcp2530LbrlnytJqw8jEkgRIHqhTnVegX2XDVNs1rvMV8H8Lo1ujuLJLrd-qRCMmO4Tvb~FsRQT4DOcQqvZlV3~hmeN78UNhSau9lKt3kAz7~NhUYzxjnCcQO8uhpH7MCpSX~1QnJAwvTW0unJTS2lu3YKwBgzn39qqGlBaU4IZg-z3WJO6msgh3X68w__"
"ef24febe-6ca2-462e-bcf5-b56f3989ee75","JHU_LM2_8930_10_G.raw","JHU_LM2_8930_10_G.raw","CPTAC PDAC Proteins in Serum - Glycoproteome","CPTAC PDAC Proteins in Serum - Glycoproteome","PDC000527","1","59a4929d-f5fe-48ae-bd22-7bb6824408a5","CPTAC3-Other","Raw Mass Spectra","Proprietary","Open","971713375","85d1fafb835cdaf947d6f42d22e93d12","Yes","https://d3iwtkuvwz4jtf.cloudfront.net/raw-files/124/226/JHU_LM2_8930_10_G.raw?Expires=1733934217&Key-Pair-Id=APKAIXDMVIARW22I7ILQ&Signature=Z1HnWm90ODik-DxXaWVWVnHfDfPvwjr8H5j2hHPHuCFjVWLBTxWS7bF-~19nClMCsPhujE-HFA360-~wSQqAje6U5b6ix3z8nj2Iw7OXCCKR~hcgItSfmd~gNJ4ZNMvnKhkBPs-PEO1JY4jkSOcSCQCrmIetS6SrKHHhzOf3Okxwj5UtPYXXUVHMCOV2m0oNTo4sFMJWY4BZCdrskFqyRqki9PV3EQT~eoWUC0ZDzdDTFBxeMTVCK9S9FbscDsM7S21p8NetOrc6tSKJt9o65RaH-8NoLDU9IVuaOhYSZKr9snsKSemdrjUEJI32WQo~lrPeoiCQpS3ybD2lxdjO1Q__"
"f0f47ae3-944c-4f71-a9b8-ff843a04d3e7","JHU_LM2_8831_30_G.raw","JHU_LM2_8831_30_G.raw","CPTAC PDAC Proteins in Serum - Glycoproteome","CPTAC PDAC Proteins in Serum - Glycoproteome","PDC000527","1","59a4929d-f5fe-48ae-bd22-7bb6824408a5","CPTAC3-Other","Raw Mass Spectra","Proprietary","Open","1036114733","632706797c08076ea0d31fd1bbad83dd","Yes","https://d3iwtkuvwz4jtf.cloudfront.net/raw-files/124/226/JHU_LM2_8831_30_G.raw?Expires=1733934217&Key-Pair-Id=APKAIXDMVIARW22I7ILQ&Signature=awyVmtzhdqunTcwyUcdqLBAyScxfSpj0QUF6mt88eiirV4Uie0ggYRWevZm-w5tB5AqTNe~GQZ2R-D48MBZhg-j43fHIq5mJSfMtUZkt8udSSU4blyUVxQ5FEdMOkxOqg3CbyC2~76uu2IdGxi-tgrig~Tel1BPHSK2t3Hw2pgOXBth266Sjxn2ULFF0yHimtJZGqBgPbW3sI00kstMBpgrt3rtgpSdK9ESPO71tEZfgayOc23-WNO-UsMGvzOXW2vJ9vm3oWSXD6KYb3hDm-jQ346tUgjnYujwHUGyNQixPm1b-NzIDfXroT76p-Q6T2HgkUMFU2jpBYdYnK7SG8A__"
"f90b899a-b980-4c99-8f2e-a82138966686","JHU_LM2_19327_89_G.raw","JHU_LM2_19327_89_G.raw","CPTAC PDAC Proteins in Serum - Glycoproteome","CPTAC PDAC Proteins in Serum - Glycoproteome","PDC000527","1","59a4929d-f5fe-48ae-bd22-7bb6824408a5","CPTAC3-Other","Raw Mass Spectra","Proprietary","Open","928060307","3c18f232bdcb2bbe0993a1d47a0af65d","Yes","https://d3iwtkuvwz4jtf.cloudfront.net/raw-files/124/226/JHU_LM2_19327_89_G.raw?Expires=1733934217&Key-Pair-Id=APKAIXDMVIARW22I7ILQ&Signature=QldjMJB7dmz2e5kM1S6H1hU2Wu8jbyBMKAQXujjMVN04m5Y3Lc2pyBANAu8ZMB6eVNL~qi7UcMZT7lKd2a975p9b2HtOovBVLLR5lShFH6VDI7KRimspv1oUgIb2BdoHYM6h46r7YIfUENY4bu5FwYhK1OFl-p6U7yI3K0Lh1ncA9PHy1GY0wf-FAPLK4FBke-2o3E7bKWu~6AWShfqSud7HSdissNhUGMZrVETf-10aGkBGxqITcGcxiCfyjr7j7Dz6yzZC8HU9tXwWQWno4NnuKWUW9Ezqa3kLM0n9wMkgrnDSY~ftnm0ptb1U9g2MwylPz5zZjTyIkyuagjmPDA__"
"f938cf3d-e367-45a9-8c36-328d3996120f","JHU_LM2_20329_80_G.raw","JHU_LM2_20329_80_G.raw","CPTAC PDAC Proteins in Serum - Glycoproteome","CPTAC PDAC Proteins in Serum - Glycoproteome","PDC000527","1","59a4929d-f5fe-48ae-bd22-7bb6824408a5","CPTAC3-Other","Raw Mass Spectra","Proprietary","Open","977672936","72ea1ce1f59d1ba89d1e3529b75f9f1d","Yes","https://d3iwtkuvwz4jtf.cloudfront.net/raw-files/124/226/JHU_LM2_20329_80_G.raw?Expires=1733934217&Key-Pair-Id=APKAIXDMVIARW22I7ILQ&Signature=UVEUxEewbW-LThxFA8CSLW~U1~xRIOrc1ePerICADiWIoWgVnEXFDzYEOzXy-XkSjuAMcDE-7wVoBiol4yEIw55cmi6bCWJmfd1X3w1Ll2G0KKI4mSR6d~XTwDep0j-UdOZDdRaL35-stOQS641-njV2GDea95wKJSEIHzDXuqgmxf91BQ8oMvFdBOaA56rLSg-6bt2QRU7OmhkWMv~d4X1dQxPi7AQs1Wg5jUL5UkWkvEn~deycx2gIpHNGy-K5mjM6Axd4Tc6bsUzaIzQPUZXvGA4pipuhKo4RLVcwarQSy702sDZPROn6Hi2z5bfwQpJm-07OH5qKl~8rGL6kFw__"
"fa6e3af5-da4d-4aac-9d10-8af3e1459fcf","JHU_LM2_8029_65_G.raw","JHU_LM2_8029_65_G.raw","CPTAC PDAC Proteins in Serum - Glycoproteome","CPTAC PDAC Proteins in Serum - Glycoproteome","PDC000527","1","59a4929d-f5fe-48ae-bd22-7bb6824408a5","CPTAC3-Other","Raw Mass Spectra","Proprietary","Open","1039901486","884ac1fec0ac266db51a290f0228ca8b","Yes","https://d3iwtkuvwz4jtf.cloudfront.net/raw-files/124/226/JHU_LM2_8029_65_G.raw?Expires=1733934217&Key-Pair-Id=APKAIXDMVIARW22I7ILQ&Signature=O0A~f8dwsinFlg2c4vJqLJFKmVGF-3lR4QK70ZGuPEYRockxLcTI6VNbYCZOUG8tGTrAU2rVmukCvCWEmLQJ7XjZEcllyFgXO~FeJYLB6FfQfssaJj~VC05CLwWwibg5WOxv3QAznjE4b~hixiTmeciAHUaMUxdjMha~twi9kHyKGT-3JhYN4kQqhZ8JFrxtcvmgbwGxg7Gu6Evr9nG~~W9~-JfxP5NRqxD7e4Ale-FQ9CPlt76V3lUNbHJXZ4bt3pOHbiBYOlL3Ur98rvn807vTUNjZRfhIQ~G4hIAOj52s9dJhp7rm-UKXB-8Nl5TCDNIVNo6SUNq6C-2OlQlV~Q__"
"fbbfd5b6-b079-4e7f-a938-1afa302adbe1","JHU_LM2_23997_83_G.raw","JHU_LM2_23997_83_G.raw","CPTAC PDAC Proteins in Serum - Glycoproteome","CPTAC PDAC Proteins in Serum - Glycoproteome","PDC000527","1","59a4929d-f5fe-48ae-bd22-7bb6824408a5","CPTAC3-Other","Raw Mass Spectra","Proprietary","Open","866678879","f8f4f0e8ffbb0bcba0a9fab59dfd49d1","Yes","https://d3iwtkuvwz4jtf.cloudfront.net/raw-files/124/226/JHU_LM2_23997_83_G.raw?Expires=1733934217&Key-Pair-Id=APKAIXDMVIARW22I7ILQ&Signature=KsCeFbTabbniTHErAKrWZrwfJ0v1IyPW5zOhNUxooomiMb3GNCEUy-mAB5NmdRmbceEwmcghtw1DJrO1xVHyWWjCBzdwGy3FK593i0qyxhP5fXwfwIFvNnEE2cj-MdBInpmqOfpcKj93BLP8ZN9yfFtRFRawBp9WXPd-uoHbjfujKQ0bNsvvoc9wiY33ZOcByytHBTXf53J0JV9dkAvRcWt28hcPWqDnxCe2SAi6hsJybSzqoTtWs4T~BHI9YtVbkyUOiB9CjwfB96fOzTvfVHrCRvY47TIX1ydevlzxRSQhbaPYtXDwq5TSvMCbEltN9Qo5hEp38aVj1jeREEi9Ww__"
